Kb,Ki,Kc,Ks,y_pred,y
0,0,0,3.180004862,NaN,25.34381238
1.29E-09,154.797952,0.000708371,0.006522983,25.45172336,25.45182589
7.21E-08,507.6325051,0.000742714,0.016011126,26.08806136,26.18955762
1.98E-08,4075.990191,0.00944833,0.004958823,26.77204009,26.8751598
3.61E-08,4588.293102,0.01029744,0.000443485,27.41407195,27.47244804
5.44E-08,1894.368745,0.006040059,0.006759772,27.52822195,27.11493418
4.86E-08,1586.492041,7.33E-05,0.001666195,27.16177089,26.24238593
2.28E-08,2.761094717,0.007742202,1.23E-06,26.90833516,26.19389838
2.00E-08,782.424484,0.000540241,0.002498037,27.01550097,26.93770237
1.29E-08,2084.493023,2.45E-10,3.24E-08,27.34239254,27.15388606
1.59E-08,65.69197189,0.004860627,0.000750672,27.10140672,26.65781975
3.14E-09,297.2574526,0.00253677,0.000908027,26.90321275,26.15168333
3.45E-09,150.1965154,0.001817977,8.47E-05,26.7164056,26.01672381
2.63E-11,6.158152498,0.002415703,0.000324787,26.69355353,26.48494289
7.67E-09,1.457838964,0.00079318,0.000440822,26.70087524,26.61824195
4.46E-09,158.8035558,3.04E-08,7.62E-09,26.612554,26.17735559
4.99E-09,117.6325086,1.49E-08,1.46E-08,26.55863186,25.61993491
4.59E-09,94.55715535,1.06E-08,1.37E-08,26.49969731,25.54635791
6.37E-09,523.5443604,3.18E-09,6.05E-09,26.82684564,26.16908274
2.00E-09,910.1378396,6.13E-09,4.24E-09,27.05085908,26.79420544
1.27E-08,430.1928827,4.39E-09,2.07E-09,27.02535275,27.20231333
4.41E-09,351.5177475,3.94E-09,4.53E-09,26.84171236,27.50850905
5.55E-09,332.1549468,1.49E-06,1.46E-08,26.9314501,27.71885912
1.72E-09,1420.249143,1.34E-08,0,27.83717178,28.47735305
1.55E-09,2398.218203,1.07E-08,8.84E-09,28.84029659,30.72387242
1.38E-10,477.5957402,2.44E-09,0.006995008,28.81675097,33.71376611
1.28E-08,5141.712307,6.53E-09,3.22E-09,32.09159722,35.89475497
1.19E-08,95.96625045,9.13E-09,0.014021866,31.92126721,37.77566221
1.21E-08,6067.414684,1.29E-07,5.10E-08,33.98966092,38.59818284
0,0,0,2.875913144,NaN,13.19722401
5.79E-09,241.5600535,0.000427383,1.32220324,13.22582905,13.22498863
8.13E-10,703.7309807,5.97E-06,0.034415753,13.66586416,13.74172755
1.50E-07,6841.552542,4.00E-09,5.44E-07,14.30875586,14.36752253
2.06E-08,718.5731527,0.011273546,0.024979747,14.40287057,14.2307838
9.29E-09,2525.893094,0.010499531,0.008417015,14.44001728,14.18940064
1.84E-08,298.2108057,0.025511188,0.001203737,14.59613302,14.48392444
4.25E-08,2664.564451,6.29E-05,0.00642402,14.7231791,14.58783034
7.81E-08,2820.75422,1.38E-09,2.60E-08,14.91549832,14.47653437
6.15E-09,1468.492412,0.006717257,0.004489367,14.76457966,14.45363654
1.17E-08,626.1660171,0.008511008,0.001167784,14.64711262,14.08485254
3.33E-08,552.9041801,2.67E-05,0.000519812,14.43688311,13.66971236
5.75E-09,20.38913547,0.002506266,0.000893249,14.20191507,13.41572629
2.08E-09,82.7196209,0.000748613,0.000225421,14.05911922,13.53895588
1.11E-08,170.6666473,7.08E-10,1.47E-08,14.11213804,13.85317172
1.65E-08,554.7710132,5.41E-09,8.62E-09,14.31596411,14.39374026
3.73E-10,1737.738609,3.61E-08,9.92E-08,14.57625485,14.59686085
9.27E-09,1089.005891,9.83E-10,9.77E-09,14.49807548,14.02984697
2.67E-09,23.76848014,0.000208704,8.94E-05,14.04958961,13.31639296
1.26E-09,17.14552012,2.94E-07,6.22E-08,13.98509798,13.41467781
9.12E-09,521.1925146,2.25E-09,7.06E-09,14.26865519,13.63708444
8.95E-09,334.840762,8.93E-09,8.18E-09,14.18767021,13.58755658
4.99E-10,337.6787108,2.61E-09,1.82E-08,14.08395773,13.8469549
1.35E-08,1349.454082,7.19E-09,4.36E-09,14.7462591,14.59127718
7.91E-10,724.2120779,2.86E-09,2.57E-08,14.34548115,14.77610753
4.99E-09,1115.34175,1.00E-09,7.74E-09,14.62739733,14.45452817
1.87E-08,174.5472169,8.07E-09,1.51E-09,14.41099597,14.20518608
4.92E-12,219.555903,0.00064036,9.94E-06,14.22008068,14.64090781
2.23E-09,1459.445166,1.00E-08,7.85E-09,14.89476257,15.08294978
2.59E-08,651.2856598,9.48E-09,4.56E-09,14.97069526,14.90198136
1.45E-08,685.8151371,1.42E-09,2.71E-09,14.79009914,14.10440585
1.08E-08,169.3642641,1.10E-07,6.01E-09,14.40466831,13.66372868
2.02E-09,407.6121954,5.87E-09,4.41E-08,14.39131835,14.09552023
9.12E-09,1186.702939,8.44E-09,3.23E-09,15.06191656,14.93647781
3.53E-09,392.149713,0.000132519,2.80E-06,14.50092343,15.04733959
2.48E-08,435.064027,5.82E-09,5.48E-08,15.0520373,15.21566187
2.97E-09,767.1130216,9.11E-09,2.58E-07,14.82126622,15.38126383
1.93E-09,48.71589095,3.68E-09,0.003489484,14.82988082,15.47579637
4.54E-08,217.2679516,9.30E-09,3.46E-09,15.66539907,15.87892231
1.66E-09,2005.006864,8.28E-09,9.26E-09,15.81484033,16.3994781
1.21E-08,2667.552253,9.23E-09,4.92E-09,16.63145042,17.51246307
1.24E-08,3.114019236,1.79E-09,0.005527183,15.86684981,18.49565527
0,0,0,2.463619783,NaN,6.955639559
-3.06E-08,-534.0527781,-0.007673354,0.000244912,6.900818119,6.900917108
-2.34E-08,-263.9755262,-0.011060914,8.06E-06,6.840855569,6.838666551
2.07E-09,100.9425047,0.001041676,0.001297872,6.944836791,7.014736911
1.61E-08,1194.335705,0.001159359,0.000168705,7.037566651,7.091058711
-3.61E-10,-10.46058121,-3.81E-05,0.006034747,7.012293887,6.954335239
1.88E-08,12.37092288,1.50E-05,0.005108479,7.072449095,7.115212393
4.98E-09,333.3757707,1.51E-08,0.015924876,7.305832467,7.559760459
9.20E-09,314.3110287,1.20E-07,0.020277886,7.50674874,7.678204737
7.45E-08,3404.454657,7.54E-09,5.61E-09,7.711260437,7.654944162
1.71E-08,2990.109665,0.006656364,1.45E-08,7.713693572,7.719379164
4.17E-08,1593.555179,0.000958344,0.00819051,7.79922754,7.7525397
2.85E-08,1854.672208,0.006866481,0.005757698,7.979537028,8.170990336
2.13E-08,7258.029558,4.36E-08,1.95E-08,8.450527775,9.04609386
2.02E-07,2.02331543,1.30E-08,0.001613781,8.830089221,9.416787
1.61E-08,6933.172795,0.006380743,1.39E-08,9.01095821,9.281077267
1.33E-07,4754.008892,8.28E-09,1.35E-08,9.4950421,9.186936122
1.03E-07,5524.162679,8.17E-08,4.06E-09,9.582800002,9.309227238
3.90E-08,1422.197872,2.02E-09,0.022300478,9.620231591,9.356970008
9.40E-08,5359.034843,1.14E-08,9.27E-09,9.847494996,9.191513348
5.65E-08,3993.408075,0.001305085,0.004949281,9.62705988,8.96793899
9.11E-08,3947.992625,1.07E-05,7.67E-09,9.837097933,8.876900461
4.20E-08,766.6274565,0.019357555,0.000249953,9.659639227,9.006390595
7.17E-08,4267.196139,1.70E-07,2.85E-08,9.938637456,9.091104141
9.96E-09,2273.669162,0.008902562,0.004954105,9.648396529,8.879092552
5.16E-08,1944.272994,0.001157041,0.004462773,9.628214951,8.790714079
7.50E-08,2913.179822,7.06E-09,1.35E-08,9.965364176,8.978788847
2.15E-08,2537.860413,0.000344547,0.005870742,9.622439317,9.067777512
6.03E-08,2318.492096,1.02E-07,5.11E-08,9.778604292,8.805805527
1.52E-08,682.2581515,0.012465128,0.000877852,9.602219923,8.863509808
6.41E-08,846.5960585,0.000755431,0.001195586,9.620683081,8.957958695
2.24E-08,2534.875441,1.38E-08,0.001359498,9.591130552,8.926211391
4.52E-09,595.8850514,0.0117837,0.000837472,9.571614411,8.847298133
1.76E-08,110.0428061,0.012443376,1.82E-07,9.575145201,8.997730509
3.93E-09,1907.777251,0.000250218,0.005237783,9.596475371,9.47289867
2.77E-08,1180.254087,0.002144642,0.002940638,9.77704384,10.32695045
7.65E-09,2524.553776,1.48E-08,0.00369939,9.896255098,10.41527582
2.38E-08,3848.859607,1.14E-09,6.30E-09,10.42259084,10.15145331
3.39E-08,93.52025039,0.010620611,0,10.13361744,10.14452852
2.23E-08,2899.15959,7.82E-09,4.55E-09,10.27167771,10.12248896
7.36E-08,1431.281588,4.45E-09,9.01E-09,10.85231101,9.753582901
4.08E-08,791.3905343,0.00230597,0.001474768,10.21914678,9.202943625
1.14E-08,1922.119305,9.21E-09,0.003639785,10.14560301,9.260621548
2.53E-08,1914.486108,3.97E-09,0.00068503,10.22686427,9.893521594
9.92E-09,479.4006302,0.010115581,0.000302176,10.31450554,10.43246199
1.01E-08,3472.798627,1.18E-08,1.61E-09,10.63005684,10.48848192
2.75E-08,404.5531138,0.007656765,0.0002033,10.52684954,10.82682576
2.37E-08,3998.429903,1.34E-08,1.34E-08,11.29976006,11.08815131
1.53E-08,146.3047474,0.012171731,0.000105504,10.77787061,11.2396826
7.19E-09,3499.610088,5.74E-09,1.40E-07,10.94273307,11.21177667
4.90E-09,69.19508494,0.014834756,0.000191864,11.02195139,11.41629614
2.67E-08,3660.780471,3.90E-07,0,11.70022302,11.84625618
6.21E-08,2271.738383,5.63E-09,1.01E-08,12.36013945,12.40135349
1.68E-08,74.98058711,0.001154824,0.009635911,11.79995736,12.79728707
6.41E-09,4331.904858,3.54E-06,2.51E-08,11.80526886,13.07795442
2.08E-08,554.4381851,9.22E-09,0.009523776,12.26439753,13.37087295
4.83E-08,3817.751893,1.96E-08,8.83E-09,13.26115646,13.63696027
1.48E-08,2389.179373,0.005593115,7.71E-09,12.49687476,13.7622874
5.39E-08,33.16321982,1.20E-08,0.007157489,13.11617739,13.79733711
4.46E-08,4869.090053,1.15E-09,5.60E-09,14.05802581,13.84977391
0,0,0,2.730114499,NaN,10.27211285
-3.54E-07,-102.2746753,-0.067437314,5.71E-06,9.620153723,9.597032874
-4.40E-07,-3342.924898,-0.04628045,0.01665035,9.095531495,9.122273022
-2.79E-07,-9708.059106,-0.063496173,0.063225868,8.910382338,9.037874441
-1.20E-07,-3214.129641,-0.019999374,0.024234304,9.259668205,9.767243562
-1.84E-09,-19.34604512,-0.002660394,0.003099645,9.663130228,10.18234486
7.82E-10,352.6506918,5.10E-09,0.015347704,10.04971752,10.43132501
2.11E-08,1075.737678,7.64E-09,0.017757633,10.40208889,10.7075819
5.46E-08,1315.60786,7.02E-09,0.014058808,10.6508676,10.79668292
2.47E-08,695.5162251,6.80E-09,0.018462065,10.7149245,10.50552035
-4.29E-10,-19.76796859,-0.000136185,0.02035619,10.66998621,10.26436
3.13E-09,136.5142418,0.001791484,0.015014648,10.66253812,10.3841092
3.25E-08,944.1418683,0.004389513,0.004331997,10.76720104,10.78452565
2.21E-08,358.5673201,0.006154895,0.006653876,10.83980658,10.73031768
7.13E-09,1033.801414,0.006611044,0.004621655,10.90545842,10.8038964
4.67E-08,2030.309607,8.95E-05,9.61E-06,11.08452795,11.32212479
4.72E-08,2442.905517,3.40E-09,5.77E-09,11.31172901,11.5655017
3.18E-08,1377.500414,0.000326094,0.008161182,11.46085637,11.64473923
1.04E-08,407.4266745,1.28E-08,0.015920561,11.6684999,11.75917074
4.16E-08,178.3708038,0.002445487,0.009381264,11.69982655,11.35759759
2.02E-08,1518.488551,0.004572416,0.003540866,11.69325543,11.27100179
3.83E-08,0.128162853,0.009373485,0.004135862,11.87762609,12.07142803
6.34E-08,0.000436455,3.41E-05,0.009512752,12.2205548,12.97823809
4.19E-08,4532.367689,4.28E-08,9.04E-08,12.8436923,13.61829334
2.00E-10,1047.960735,7.97E-09,0.018103165,13.02940382,13.79610965
4.76E-09,1331.064328,1.32E-08,0.017352326,13.30470297,13.66681054
2.06E-08,176.9960091,1.22E-08,0.01826664,13.61526998,13.59747571
1.01E-08,2956.362351,0.011135321,1.20E-08,13.60469467,13.74254158
1.05E-07,4.431257725,6.65E-09,0.006667256,13.98878628,13.92217785
1.49E-08,117.0882697,3.86E-09,0.01849232,14.28421033,14.00010723
2.06E-08,2.828992724,4.54E-06,0.017815464,14.47368153,14.05134274
5.62E-08,2020.726765,0.006578113,9.37E-09,14.42504918,14.29945025
9.11E-09,4457.159251,0.005506634,1.33E-08,14.55950434,14.86725836
6.41E-08,2571.846451,0.003299043,2.18E-09,15.01378942,15.75517677
1.67E-08,3731.296874,0.008702117,1.40E-08,15.29888914,16.17884702
4.64E-08,4981.749232,4.09E-09,2.03E-08,15.70897181,16.43089877
1.12E-07,1766.58225,1.68E-09,8.39E-09,16.63274163,16.77735345
4.43E-08,4438.249061,0.002810944,1.30E-08,16.37256772,17.32584487
4.56E-08,0.071089967,1.34E-08,0.016007857,17.34672058,17.58709479
2.92E-08,0.207778931,3.74E-09,0.017643332,17.78791371,17.44320851
5.13E-08,4265.608525,0.003083685,2.95E-09,17.4313518,17.76816373
8.52E-09,3463.409613,6.65E-09,0.015152362,17.98514568,18.2530795
4.93E-08,1592.579216,1.51E-09,0.012623698,18.42309565,17.83506573
8.16E-09,1583.218824,6.10E-05,0.016845679,18.6852132,17.33558017
4.04E-08,5118.0656,0.002149721,1.23E-08,18.34017694,17.58166191
5.76E-08,115.2151107,0.015464758,0.003474476,18.82611141,17.89890834
2.04E-08,4666.908693,0.006795158,1.39E-08,18.73196881,18.29936989
1.10E-07,3071.528598,2.49E-09,1.09E-08,21.4954419,19.06760343
3.70E-08,5154.976884,0.00300924,1.46E-08,19.51571282,21.06314715
6.35E-08,808.169065,0.000739768,0.010574401,20.71432093,22.25595292
5.69E-10,711.2936749,0.006149227,0.014923829,21.54550178,22.68523778
9.36E-09,4077.834877,0.013554138,6.13E-09,21.23162353,22.85583978
1.73E-08,5666.507683,0.008448462,1.46E-08,21.64904008,23.02534109
4.66E-08,2679.195959,4.50E-09,0.011664984,22.8354613,23.9508953
2.85E-08,6674.048219,0.00517081,8.94E-09,22.69614273,24.39180937
1.06E-07,7281.664141,1.05E-08,4.38E-09,28.01278273,24.72047704
8.51E-09,6640.392437,1.20E-08,0.013882489,24.11884977,24.82826704
4.62E-08,7953.723639,6.92E-07,1.34E-05,24.19113562,24.73878588
4.81E-08,2123.925569,5.80E-09,0.0121516,25.6610802,24.53341011
3.50E-08,3661.913707,0.012070943,6.60E-09,25.33073587,24.27351132
7.06E-08,5122.600637,6.25E-09,0,26.05484625,24.02943672
1.04E-07,4.60E-06,0.008391579,0,26.94616113,23.81768407
3.44E-08,817.3422885,0.02151333,0.000795387,26.18515154,23.57564558
3.29E-08,6271.062414,0.004185142,5.85E-09,25.79874515,23.29290922
4.48E-08,3982.837428,0.005900723,0.000621233,26.25040382,23.94033979
8.23E-09,202.7523694,0.026999296,0.002016755,26.75961834,25.21747819
3.96E-08,890.93238,0.018994011,0.000272569,27.35637367,27.73151998
8.37E-09,556.8675604,0.027106803,0.001063217,28.21444618,32.39220766
1.80E-08,10.28103402,0.022500615,0.005208652,29.6015596,33.86709081
8.15E-09,5760.788457,0.012457992,4.12E-09,29.69747229,34.59260306
0,0,0,2.776358913,NaN,11.08467291
2.01E-08,219.8609234,0.007201978,0.024319895,11.29479667,11.29485826
1.25E-07,3917.130712,6.04E-10,2.74E-08,11.55399752,11.51935514
9.59E-08,2833.966052,5.52E-09,5.25E-09,11.64484165,11.53952101
1.75E-08,1841.504381,0.000326115,0.002640195,11.56526719,11.43989389
1.06E-08,510.1920731,0.001124255,0.001621487,11.47065746,11.29820296
6.09E-09,1355.849468,3.46E-09,1.23E-08,11.52872264,11.46351135
6.74E-09,3037.096452,7.78E-09,1.53E-05,11.81048628,11.90966692
6.18E-08,2113.536725,1.12E-06,9.36E-09,12.07939631,12.29719176
8.45E-08,1003.242674,2.16E-08,1.03E-05,12.16269935,12.15129867
1.74E-08,113.6952746,0.000105123,0.011445649,12.10579372,11.84702188
1.43E-09,172.5166592,0.003448239,0.005322058,11.93072281,11.32124456
-1.27E-09,0,-1.27E-08,0.004815564,11.7229395,11.04025158
5.52E-10,37.34009871,0.00082239,0.00085239,11.60070215,11.14918497
3.06E-09,1472.607603,5.75E-08,7.02E-08,11.90213889,11.81502638
9.37E-09,1808.991633,5.94E-10,1.22E-08,12.11220776,12.41532424
5.67E-08,198.5988972,1.18E-07,1.26E-09,12.21740556,12.8232123
3.71E-08,1800.0835,3.94E-09,0,12.59925291,13.06129263
1.19E-08,2854.905112,1.79E-05,5.14E-09,12.75323187,12.99244101
1.06E-08,1001.962595,6.62E-05,0.005897132,12.64482802,12.74612824
1.16E-08,179.3621167,4.59E-05,0.008747828,12.68105242,12.3897706
1.39E-08,254.8693914,4.34E-05,0.007384419,12.68626287,12.33828248
2.73E-08,599.5578226,0.001328903,0.001862713,12.71098054,12.51801512
1.56E-08,589.2357538,0.002510646,0.002265628,12.72733812,12.45194175
7.17E-09,666.4781542,0.003207186,0.001830789,12.71205944,12.27357277
2.62E-08,1605.238806,1.07E-08,2.02E-08,13.03457482,12.70624645
9.98E-09,2191.707243,5.01E-09,1.55E-09,13.10484907,13.10993929
4.52E-09,2.226855204,0.007271122,0.00210911,12.93768349,12.90155998
2.74E-10,560.7688109,0.00482417,0.001530442,12.91871079,12.4074388
2.95E-08,1716.062036,2.69E-09,7.08E-09,13.42422443,12.78279011
1.82E-08,2201.07322,4.96E-10,1.49E-08,13.53277416,13.62630287
9.23E-09,128.5357393,8.01E-05,0.007411091,13.3034443,13.97848777
2.69E-08,0.902244598,1.22E-08,0.005823545,13.45526205,13.90660606
2.07E-08,992.2730862,0.002374332,7.44E-05,13.55229654,13.99191656
3.70E-08,1913.103881,9.40E-09,5.24E-09,14.21126658,13.66083033
3.66E-08,1326.225693,9.78E-09,4.18E-09,13.95545335,12.91698129
2.55E-08,1225.958318,1.29E-06,1.10E-08,13.68815761,12.64050899
1.54E-08,237.4731357,0.005043635,0.000788012,13.58429879,13.02634441
2.24E-09,274.5536929,0.007676199,0.000130365,13.62117523,13.35569728
2.23E-08,1136.081634,6.38E-09,6.89E-09,13.74752445,13.84119514
1.81E-08,1946.387985,5.58E-09,2.43E-09,14.22175751,14.45902568
1.47E-08,2494.038407,1.39E-08,1.09E-08,14.54043547,14.65380704
2.04E-08,2216.785314,5.53E-09,1.46E-08,14.63740645,14.35953319
1.05E-10,142.147032,0.004510586,0.004703321,14.16911118,13.83950965
4.25E-09,1107.318295,0.002133135,0.001610592,14.1447696,13.66076998
7.84E-09,252.9487859,0.006895438,0.000444031,14.20211573,13.83893194
4.13E-09,1052.066036,0.001092979,0.002818992,14.24925599,14.22939565
6.60E-11,911.2419331,0.002360941,0.002958103,14.34143104,14.46827873
2.98E-08,1659.481496,7.02E-09,1.06E-08,15.06921088,14.62401034
8.39E-09,396.0117116,0.002016464,0.004267417,14.55795884,14.70556837
1.56E-08,1028.505027,0.000257645,0.001958989,14.61588709,14.80194207
1.82E-08,339.519863,0.000784471,0.004179116,14.77553473,15.09235198
8.55E-10,451.7138174,0.007920996,2.63E-05,14.86019603,15.25373119
2.49E-09,319.0936518,8.06E-06,0.007242927,15.05506135,15.24740948
3.29E-08,1830.505839,6.75E-10,1.13E-08,15.91536071,14.65088361
1.82E-08,712.9474418,0.001200481,0.001961525,15.01210131,14.00395448
3.19E-08,1406.447669,1.33E-08,3.81E-09,15.6669898,14.13605242
8.27E-09,629.1424459,0.003386126,0.001445543,15.00154365,14.00883642
9.94E-09,1218.363993,3.94E-05,0.001580104,14.98538449,14.32845924
1.56E-08,1291.579311,5.08E-09,1.08E-07,15.0673769,14.78938761
9.25E-09,542.3115403,0.00376767,0.001164309,15.1790747,15.57764104
3.28E-08,1567.654697,9.15E-09,2.10E-09,16.28737136,16.10694964
5.05E-09,350.5015837,0.00437411,0.002599914,15.47795557,16.39685458
1.11E-08,140.7824409,0.003331291,0.003634916,15.67555638,16.68585614
3.42E-08,2382.756674,1.45E-08,2.95E-09,17.43015139,16.90046653
5.86E-09,161.2853371,3.20E-05,0.006964204,16.11736535,16.92007238
1.03E-08,82.26137406,1.07E-05,0.006727276,16.2760444,16.83515976
8.56E-09,2513.274667,2.88E-09,8.28E-09,16.57433378,16.87837968
4.62E-09,2635.662095,4.22E-10,4.85E-09,16.58685893,17.18564603
3.49E-08,2566.46666,5.47E-09,9.90E-10,18.31900598,17.55330849
2.95E-08,1915.198497,4.26E-09,1.22E-08,17.57058595,18.05812143
3.34E-08,1756.526052,5.72E-09,1.17E-08,17.82248052,18.40097341
1.39E-08,2521.898787,9.52E-09,3.08E-08,17.4785351,18.8924254
6.20E-09,126.754629,1.28E-08,0.007962154,17.80765564,19.16954242
9.02E-09,498.8325313,1.13E-08,0.007164981,17.99229171,19.94701606
3.72E-08,3349.776311,1.93E-09,4.53E-09,20.19215181,21.1077263
2.26E-09,81.66803446,4.62E-09,0.009137328,19.05839819,21.55601787
1.92E-09,2755.508988,0.002056402,1.07E-08,18.47568784,21.38407876
3.33E-08,1683.306724,1.00E-08,1.24E-08,19.03546735,20.97107398
6.63E-09,1365.063775,1.47E-08,0.007089355,19.49090005,20.77016126
3.54E-08,59.30912083,1.33E-08,0.005923046,20.0704369,20.73376084
1.37E-08,150.3336159,1.48E-08,0.00845746,20.56091066,20.65022268
1.46E-09,1412.982197,8.18E-09,0.007899533,20.24153481,20.69179816
5.52E-08,3.565090998,1.53E-10,0.002834599,20.72209659,20.92317543
1.82E-08,76.92715917,1.02E-08,0.008033894,21.19562756,21.17936196
1.92E-09,102.8723399,6.89E-09,0.009488267,21.59552613,21.68685616
0,0,0,2.951108176,NaN,15.22062566
9.86E-08,3053.494868,0.00036898,0.00095985,15.5001547,15.50010959
1.17E-07,3913.101399,2.86E-08,7.26E-09,15.83416532,15.77274095
7.77E-08,2534.556748,1.44E-08,2.31E-07,15.89061143,15.73967325
9.60E-08,2577.072594,3.44E-09,8.16E-09,16.18390048,16.15880202
6.09E-08,2232.080542,0.0128289,4.59E-05,16.61679641,16.86738009
5.92E-08,6712.469526,7.62E-10,1.18E-08,17.24005747,17.36155731
7.75E-08,330.1254385,6.99E-08,0.023269073,17.50448323,17.43089022
4.03E-08,3906.80342,0.011891358,1.43E-06,17.80962726,17.76966779
9.96E-08,4506.56883,1.86E-07,3.83E-08,18.24449967,18.0373853
5.24E-08,4762.816775,0.000238309,0.002098802,18.31106511,17.99949018
6.90E-08,5286.022566,4.80E-09,8.69E-06,18.78395259,18.25363632
1.05E-07,3694.022282,6.67E-09,8.41E-08,19.15318896,19.19031578
3.18E-09,181.6468102,0.024361249,0.010116544,19.42248493,19.60058262
6.54E-09,2297.798567,0.015751948,0.005881155,19.60908948,19.19730289
1.33E-09,2750.835651,0.011036776,0.00727343,19.74146774,19.12741577
6.10E-08,3425.551993,8.43E-09,0.002523045,19.8994215,19.31489291
7.81E-08,2608.304027,7.85E-09,0.001397143,20.05501421,19.39339363
2.18E-08,3647.813412,5.15E-09,0.006082321,20.10088787,19.41929079
2.62E-08,261.641602,0.020891456,7.42E-05,20.27186566,19.62921718
8.45E-08,426.8519059,0.008086742,8.62E-09,20.50148426,20.11788536
3.34E-08,4830.509162,1.23E-08,2.04E-08,21.02778707,20.39632285
2.80E-09,4995.364125,1.24E-08,0.000936925,20.79766746,20.52874738
2.73E-08,2175.076815,0.002397949,0.005733417,20.97765342,20.3642841
2.77E-08,492.5345166,0.015396227,6.49E-09,21.04405073,19.89605617
4.41E-08,2657.777065,1.39E-06,3.85E-08,21.06064166,19.48697993
1.08E-08,431.7117561,0.015514349,7.90E-09,20.93713327,19.38728101
3.70E-08,3065.78972,1.12E-08,1.22E-08,21.3793526,19.33456867
2.00E-08,456.3200666,0.011042445,0.000113632,20.85659177,19.54801686
2.44E-08,3289.23002,2.93E-05,2.95E-06,21.45725868,20.09992017
4.21E-09,1493.015581,0.003393263,0.00423705,20.99037258,20.64353481
4.96E-08,1816.784069,7.09E-09,9.98E-09,21.59178839,20.37992135
4.32E-10,552.376049,0.01086253,0.0006911,21.02546009,19.41422469
2.96E-09,840.3150827,0.006365352,0.002081084,20.9123038,19.03744317
2.62E-08,1602.163318,5.47E-09,2.02E-05,20.94859117,19.51482413
1.55E-08,48.74850182,0.009573485,6.49E-09,20.92336402,20.13052759
3.67E-08,2.014653206,0.005783353,0,21.04721923,20.71461912
8.82E-09,3396.770624,6.31E-09,1.26E-09,22.04908952,21.16958702
3.31E-09,2070.211256,6.24E-09,0.001742482,21.28291333,21.62998373
4.95E-08,665.5866842,1.34E-08,7.50E-09,21.65110482,21.86853639
2.46E-08,824.2262438,0.001535906,0.002100959,21.63907981,21.64181385
8.61E-09,2270.624936,3.51E-08,9.49E-08,21.77341047,21.61732636
8.23E-09,3052.131163,2.01E-08,4.64E-09,22.54802471,22.51730936
2.47E-08,506.7427553,0.005106985,0.00078654,22.27486238,23.66021186
1.20E-08,679.0263963,0.006149361,0.001634791,22.56174161,23.94358899
3.22E-11,3566.137035,8.99E-09,1.25E-06,23.18516773,24.22286576
3.39E-08,710.449304,0.000414346,0.003815688,23.23895506,24.6495335
3.92E-08,3116.190677,1.55E-09,4.86E-09,25.22378753,25.00548221
1.24E-08,4414.021183,1.46E-09,6.25E-06,25.05402626,25.58778994
4.99E-09,2174.858645,0.004261981,7.90E-09,24.20551622,26.47686509
8.69E-09,1247.191653,0.008467186,1.11E-08,24.76356547,27.47633123
1.44E-08,621.7946199,1.32E-09,0.009610534,25.65070703,28.10712624
3.71E-08,4502.169953,2.11E-08,9.50E-08,27.83822865,28.44772874
9.97E-09,634.6834177,5.11E-11,0.010895987,26.89391719,29.02586864
1.43E-08,1080.128972,1.04E-08,0.00987893,27.31872701,30.1195311
1.32E-08,2521.271212,0.005825006,9.14E-10,27.45690074,31.11028014
1.00E-07,323.8480995,1.27E-08,9.87E-09,30.71525886,31.51385012
2.09E-09,1867.2219,3.42E-09,0.011298626,29.2862483,31.63224136
1.19E-08,5746.886857,1.03E-08,1.80E-09,29.26593714,31.62000947
1.58E-08,3108.256327,1.13E-08,0.007504974,29.89400633,33.33573073
4.50E-09,2059.407762,9.08E-09,0.011960923,31.66107909,35.99151516
2.00E-08,119.7194841,5.10E-09,0.012932544,33.73499784,37.47255703
5.31E-08,7989.88183,2.98E-08,4.18E-09,36.41531099,38.37005338
3.29E-08,4103.418899,0.002933455,5.12E-09,33.4375897,38.70686448
1.09E-08,3701.944156,8.50E-10,0.011532333,35.35992992,39.01099065
4.00E-08,493.3472919,1.28E-08,0.011391004,37.58581377,38.7143017
3.90E-09,6676.118766,2.65E-09,0.010301178,36.1666674,38.86254673
4.06E-08,94.90902394,6.90E-09,0.011693976,39.58439583,39.60907065
2.18E-08,1126.028567,1.03E-08,0.013090603,40.62895558,40.97253277
8.41E-09,5758.133416,1.08E-08,0.011757853,39.41133765,42.02619894
5.17E-08,632.9912015,1.01E-08,0.010280933,42.31399784,42.87234398
5.35E-08,2512.687184,0.00629788,8.35E-09,40.84132994,43.18939955
0,0,0,2.97156562,NaN,15.85185737
-9.68E-09,-466.5956404,-0.013847565,3.88E-09,15.66987791,15.63212135
2.88E-10,12.86829722,5.76E-05,0.000972175,15.7930127,15.86831465
1.21E-08,555.2937351,0.000845122,0.002681286,15.94577441,16.00675304
2.70E-08,762.2162186,0.000520955,8.87E-05,16.03849562,16.05360134
8.63E-09,1118.186299,0.003787014,5.10E-05,16.17804527,16.23106495
1.43E-08,549.9522006,0.000187765,0.011073617,16.47177089,16.68424601
7.67E-08,1223.319213,0.001033676,0.000806789,16.83390641,17.12129305
8.95E-08,2166.895563,1.11E-08,7.87E-09,17.22455365,17.03696406
4.47E-08,627.1368597,0.000951789,0.006138166,17.01924471,16.64558516
1.31E-08,1454.766746,0.001808253,0.003369831,16.9926446,16.62487694
3.50E-08,2383.436292,7.63E-09,1.04E-08,17.31068219,17.20803643
2.03E-08,310.9015851,0.002140465,0.009296266,17.39975241,17.63099742
3.86E-08,1243.237823,0.002376943,0.000720561,17.51736641,17.44295767
8.54E-09,1345.558744,0.002400912,0.003792807,17.51275993,17.07766571
1.00E-09,0.858060449,0.01437953,0.001062336,17.68949175,17.80300502
2.87E-08,3215.747142,8.09E-09,9.00E-10,18.31813566,18.43935793
1.52E-08,2237.164683,0.002599523,6.11E-05,18.17540029,18.40286053
5.38E-08,2200.29496,4.69E-09,1.34E-08,18.67272504,18.13497479
4.22E-08,2570.0973,1.12E-09,1.41E-08,18.81422249,18.42001134
6.11E-08,1857.689584,1.72E-09,1.01E-08,19.02995564,18.82336103
3.07E-08,3094.651102,4.38E-09,3.95E-10,19.2218719,19.10599893
6.19E-08,2147.727656,6.76E-10,1.26E-08,19.58333956,18.95343765
8.17E-09,2808.514825,0.0012524,3.63E-05,19.13916378,19.04619188
3.18E-08,600.0710828,6.92E-05,0.008240177,19.47188642,19.88768505
3.38E-08,3173.201017,8.05E-09,1.27E-08,20.14788931,20.80968948
4.35E-08,3581.202353,2.90E-09,9.85E-09,20.85506964,21.12703059
4.26E-08,235.1351642,5.32E-09,0.010190076,20.61980772,21.03106753
4.82E-08,2458.999082,5.33E-09,5.07E-09,20.8773311,21.3055207
3.16E-08,1288.123893,1.34E-08,0.008677887,21.17227783,21.62662459
2.05E-09,136.9631067,4.54E-09,0.015996689,21.65916898,21.49605751
7.23E-09,89.95794918,1.33E-08,0.015288278,21.86200952,21.40016903
4.59E-08,2717.880124,1.15E-08,1.35E-08,21.93613072,21.65376153
6.83E-08,118.5463729,3.68E-09,0.006754887,22.22557339,22.15727617
3.42E-08,4400.845641,4.04E-09,7.02E-08,23.102842,23.04020394
2.19E-08,4013.747141,4.63E-07,1.13E-08,22.74417058,24.1550256
3.17E-09,15.29392527,7.45E-09,0.016426733,23.88098852,25.03619995
4.53E-08,1905.007815,1.29E-09,0.006859112,24.10211898,26.7920377
7.52E-09,5277.030932,0.002558473,1.09E-08,24.65778937,28.72276183
4.01E-08,3356.219608,0.004637776,3.41E-09,25.69312737,28.91295426
1.33E-09,513.1145602,1.43E-08,0.018427838,27.52164806,29.01082166
5.30E-08,2398.660387,1.04E-09,0.008734573,27.39678662,29.17500207
9.28E-08,2411.107081,1.00E-08,1.03E-08,28.51263421,29.93175488
1.01E-07,911.8641625,9.06E-09,0.005043949,29.45441552,31.21918543
5.43E-08,7296.552958,2.61E-08,1.09E-08,30.58636089,32.42743279
3.09E-08,3140.269842,1.41E-08,0.013658119,30.98336985,33.08798152
1.37E-08,1261.41311,6.97E-10,0.017874198,32.73895669,33.05377239
3.19E-08,3765.705965,1.28E-08,0.012856991,32.21066815,32.07330867
4.93E-08,3234.962183,5.00E-09,0.010681278,32.75875422,32.41797436
3.37E-08,5501.814908,0.005931381,1.25E-08,32.75395911,33.21192562
4.06E-08,4096.12096,0.008512181,1.13E-09,33.5697208,34.35677455
9.13E-09,1218.630383,6.86E-09,0.01747285,36.0815134,35.65440889
6.69E-08,334.287178,1.61E-11,0.012454811,36.90404437,37.27179156
2.85E-08,8350.674117,0.002741021,1.10E-08,35.5454627,38.67105795
1.12E-08,933.6883808,1.16E-08,0.017683045,39.70055504,39.75986516
7.51E-08,6949.639071,1.15E-08,1.04E-08,39.96161963,40.03636268
0,0,0,3.217859125,NaN,27.96528414
2.36E-09,265.805628,0.004405879,0.01243622,28.23510812,28.23521411
5.77E-08,746.0215288,0.010719859,0.010022362,28.89934599,28.97397033
1.13E-07,1096.856526,4.45E-08,0.032073728,30.31081597,30.63360629
2.47E-07,5272.714081,0.008020269,1.00E-05,32.33705334,32.95636921
4.54E-10,14372.14364,0.02454371,2.07E-10,34.56566007,35.27923244
2.52E-08,4704.391149,1.35E-09,0.060586322,36.79730243,36.83357479
6.15E-08,9570.905902,0.010998628,0.028001597,38.19206344,37.9143944
2.10E-08,957.8724853,0.075256993,0.009111357,39.88531732,39.43602673
1.39E-07,14833.65516,1.80E-09,2.73E-05,41.64636934,40.7867155
1.04E-08,1.386151999,0.072721088,0.010600397,42.8136267,41.85158457
5.76E-08,3159.544237,0.049007476,0.004038505,43.91180912,42.37010936
4.06E-08,6308.47379,0.024056011,0.012590468,44.71925809,42.89262017
8.87E-08,8718.435411,1.19E-07,0.014300366,45.36238773,43.26322495
1.03E-07,11067.18472,9.99E-08,2.31E-07,46.64390145,44.00726367
9.00E-09,12140.405,9.51E-09,0.012414487,46.65339835,45.13038853
5.97E-08,13482.4504,1.03E-08,1.94E-06,48.87432799,47.03092135
5.23E-08,13213.30336,1.08E-08,9.04E-09,49.78106997,48.31850279
7.64E-09,7586.136684,0.00848638,0.015064286,50.17559246,49.29234728
3.79E-08,130.8726526,0.050173091,5.57E-09,51.61625432,49.95425573
3.92E-08,7619.78106,0.001355712,0.014195362,52.15645722,50.7730804
5.74E-08,548.5687335,0.040450392,5.86E-08,53.62364168,51.58794333
5.50E-09,1040.599395,0.04524693,2.02E-05,54.52928732,52.39939092
4.96E-08,12065.70079,8.47E-09,2.77E-05,56.25133026,53.22122989
2.64E-08,1453.121773,0.035815081,0.0006307,56.40135093,54.06191922
5.26E-08,10926.60706,3.72E-08,2.59E-06,57.98013736,54.64670595
1.73E-08,93.05999357,0.044164439,6.55E-09,58.05675736,55.17962385
0,0,0,3.435290865,NaN,55.4376267
2.28E-08,459.6651805,0.000576267,0.002021615,55.69563718,55.69574555
6.40E-09,65.00902925,0.000580605,0.005301581,55.87028047,55.85290577
2.24E-09,164.4640277,0.000747902,0.003421396,55.9551595,55.90150143
-1.47E-09,-240.4436867,-0.000478163,4.30E-05,55.46643717,55.03443566
-7.49E-08,-1600.9768,-1.34E-08,0.008663514,54.3320149,53.34142888
-5.24E-08,-1223.45683,-2.54E-09,0.00010122,53.60644818,53.14218732
-2.27E-09,-21.50961039,-0.009048208,4.20E-10,53.81682098,53.45157574
-5.10E-09,-92.05487583,-0.00642252,1.13E-08,53.7795361,53.8458839
-4.83E-09,-23.07209308,-0.003949119,2.78E-09,54.00122413,54.3451255
8.67E-09,315.1915804,1.25E-08,6.52E-09,55.19223252,56.04745187
1.29E-09,206.5846612,6.50E-09,1.25E-08,55.16718764,57.30510885
1.24E-09,1294.533944,1.41E-08,6.33E-09,56.47875893,58.45378392
0,0,0,3.453726465,NaN,59.48147504
8.14E-08,1449.718484,0.005307511,0.001195314,60.36235006,60.36364916
2.77E-08,756.1860399,0.011024547,0.00493224,61.0537858,61.01364043
6.25E-11,237.140214,0.015003702,0.004460492,61.5307532,61.40845613
1.35E-08,287.0794389,0.010298954,0.00276267,61.82374821,61.58720263
0,0,0,3.366696722,NaN,43.51560176
-1.19E-07,-823.1391511,-0.033486118,1.21E-09,42.16797654,42.07128833
-7.68E-08,-2677.516383,-0.015886719,0.019333232,42.17602126,42.4799466
1.73E-08,1305.042391,0.000903201,0.006351039,43.75969921,44.64421888
6.58E-09,754.2303699,1.54E-08,0.029514463,45.46863058,46.19248228
5.43E-08,4157.281708,0.009580326,1.25E-08,46.75923002,47.17414789
2.15E-08,274.8398285,1.78E-07,0.031313282,47.66706396,47.38062585
1.15E-07,1817.72626,0.003134727,0.001587206,48.02014795,47.28490303
2.17E-08,26.56985561,0.021796845,0.007295838,48.56791475,48.06646494
1.05E-07,2527.823598,7.48E-09,1.49E-06,49.37110351,49.22016073
4.20E-08,5291.684231,1.07E-08,1.09E-08,50.5166641,51.03062183
2.78E-08,1658.968535,1.29E-08,0.021382644,51.99776189,53.04573494
5.36E-09,2727.442377,1.19E-08,0.02303321,53.59212454,54.82765069
6.25E-08,6863.633577,1.09E-08,2.93E-09,55.60448769,56.53723989
1.32E-08,709.7860845,6.00E-09,0.030256939,57.34311954,57.85182434
1.03E-07,5978.976073,6.43E-07,3.11E-09,59.20463075,58.40893474
6.14E-08,1604.257445,1.43E-08,0.020541174,59.56944037,58.66834936
7.97E-09,344.6696952,0.017574974,0.017422767,60.44606327,58.69008152
3.06E-08,145.1980829,0.031456611,0.002876287,60.89166204,58.82004912
2.71E-08,2684.866564,0.014193188,0.005319873,61.39156322,58.95854113
4.52E-08,986.8843275,0.023016136,0.000277323,62.02695885,59.41916565
1.02E-07,3340.288552,1.31E-08,4.60E-09,63.21534372,59.78978116
5.79E-08,300.5919329,0.02176814,6.17E-05,62.99039218,59.95257544
1.84E-08,660.2745512,0.025493949,7.45E-07,63.35732391,60.28185903
7.72E-08,4075.475499,6.18E-09,2.12E-08,65.15943362,60.51069272
1.44E-08,16.68551549,0.025155114,0.001806714,63.94030448,60.50658491
7.49E-08,3830.929755,3.35E-09,4.72E-09,66.25687328,60.36149426
6.19E-09,644.5281111,0.022181893,1.82E-08,64.38042264,60.05361989
5.87E-08,4169.734272,4.31E-09,9.54E-10,66.75750213,60.03991586
1.42E-09,779.9243332,0.019317866,0.000385305,64.60624013,60.48617713
3.72E-08,2364.257052,6.21E-05,0.004592444,64.62390192,60.78186875
1.35E-08,293.285384,0.018483163,6.12E-06,64.89614316,60.85298682
0,0,0,3.386348142,NaN,46.50434233
4.87E-10,25.87387713,0.001653804,0.00167521,46.5875045,46.58722841
9.98E-09,1376.248923,0.000631574,0.001966841,47.01382774,47.08234796
5.12E-08,2901.599968,8.39E-07,3.21E-08,47.98469731,48.11086066
2.00E-08,849.2036562,2.00E-07,0.020127714,48.93980748,49.24278411
2.32E-08,3445.294681,0.010282754,1.03E-08,50.05837045,50.40090959
3.32E-08,796.4268195,7.84E-09,0.021875253,50.97085129,50.94158788
2.18E-08,1147.382385,0.005769619,0.015086142,51.58953057,51.26736894
8.53E-08,3063.758826,6.26E-09,1.02E-08,52.32999914,51.3150467
8.12E-09,2415.498802,0.003959808,0.007427199,52.26473661,51.4717487
5.54E-08,2524.151399,1.82E-08,0.000279312,52.61699301,51.87162953
6.44E-08,934.7152678,0.004291103,0.001766719,53.02740332,52.47000405
3.55E-08,365.9316481,0.013882005,7.53E-05,53.49807533,53.16045786
1.49E-08,2436.033898,7.81E-05,0.005744566,53.88094324,53.42197233
1.19E-08,499.4641339,0.015707594,6.33E-05,54.29856045,53.68364819
2.36E-08,312.4542293,0.013700025,3.76E-05,54.57312804,53.63108843
6.63E-09,3010.57941,8.23E-09,0.00151212,54.73892846,53.6969559
3.06E-08,1750.115782,0.000149976,0.003381202,55.27268041,55.24862115
6.11E-08,2499.57882,1.06E-09,1.36E-08,57.38899292,56.55664034
4.38E-08,3098.848212,1.20E-08,1.21E-08,57.87316025,56.78459541
0,0,0,3.145645083,NaN,23.27084355
1.19E-08,525.4226509,0.000201687,0.049837564,23.97154585,23.97130825
6.89E-08,526.502386,0.011582065,0.015069678,24.35500858,24.29243679
2.82E-08,362.8542312,0.019301543,0.002507264,24.49391435,24.33592041
2.63E-10,2245.939259,0.000613072,0.005713774,24.48988075,24.25913365
2.22E-08,34.6199152,0.010764055,0.000852565,24.57225371,24.43411242
3.78E-08,2190.686823,1.40E-09,5.02E-09,24.87750891,24.66586693
3.91E-08,1314.53849,6.68E-06,0.000254411,24.89506563,24.87637845
3.87E-08,1195.535361,2.75E-05,0.0004189,25.04304048,24.99003089
5.18E-08,1767.215605,6.12E-09,1.25E-08,25.5003812,25.14814865
2.60E-08,2974.766176,5.57E-08,2.53E-08,25.86278474,25.84462863
9.74E-09,811.3663649,8.20E-05,0.012585862,26.15516583,27.03577749
2.75E-08,4535.356726,6.04E-07,4.14E-09,27.22405032,27.99740368
2.06E-08,1303.094082,6.70E-09,0.015378419,27.63912526,28.5746514
5.77E-09,1348.918695,5.94E-09,0.019465701,28.41477837,29.2172728
4.68E-08,2429.611414,0.009075559,8.10E-09,28.92929209,29.50377958
0,0,0,3.11653612,NaN,21.70738064
3.28E-08,232.793261,0.03785229,0.034848606,22.62524353,22.62508268
1.44E-07,2485.681031,0.028236347,0.015033432,23.61401927,23.61840832
1.98E-08,729.005783,0.045089143,0.008443289,24.01268145,23.77303723
1.44E-07,1.796557584,0.01289838,1.49E-08,23.93211745,23.40236264
8.76E-08,388.2311969,0.007836208,1.92E-05,23.82975195,23.3347594
7.27E-08,2505.669633,7.24E-08,2.67E-07,24.13550749,23.75536733
2.74E-08,214.8950996,0.012727915,0.000558426,24.05732514,23.83126036
4.60E-09,2.080249108,0.014166344,9.25E-05,24.00047798,23.53743797
1.64E-08,2418.66301,3.25E-08,2.25E-07,24.17082806,23.413961
3.95E-09,2978.339321,1.35E-08,2.51E-08,24.36753363,23.94202181
1.46E-08,3400.755771,1.11E-08,7.25E-09,24.81533933,24.39041617
1.22E-08,2714.35051,1.00E-09,2.10E-06,24.74191823,24.43849115
7.71E-10,2733.984297,9.26E-09,6.18E-09,24.75874949,24.49222564
1.19E-08,0.230160236,0.009711729,0.000116125,24.66651918,24.64462512
4.58E-09,2694.037252,1.01E-09,1.80E-09,25.10301517,24.54565405
1.22E-09,190.5660045,0.008728074,0.000419493,24.77347155,24.36348535
3.40E-08,1192.764205,6.46E-09,1.29E-08,25.11431639,24.39109809
4.13E-09,2657.949118,4.71E-09,1.24E-08,25.48021203,25.00811527
7.09E-09,2863.217085,2.65E-09,7.82E-09,25.8192618,25.38156619
2.15E-08,2108.538378,7.86E-09,5.94E-09,25.86477157,25.31899571
7.86E-09,49.84413767,0.008381264,4.76E-05,25.3560246,25.16673662
2.14E-08,2119.567281,1.20E-08,4.95E-09,26.16425807,25.26932358
2.04E-09,328.6076819,0.006992103,0.000539497,25.56225853,25.49021479
2.52E-09,2425.543931,1.01E-08,8.17E-09,26.16969436,25.63341547
6.00E-09,2417.623043,5.04E-09,5.31E-09,26.40607191,25.84537467
0,0,0,3.103419418,NaN,21.05391455
1.78E-09,210.1754596,0.002240199,0.007025214,21.17045899,21.17069573
1.03E-08,1449.86738,0.002602758,0.001665344,21.34978621,21.36168785
3.50E-09,603.5004305,0.006683618,0.005500399,21.55480577,21.57554705
3.79E-10,203.9886101,0.006896732,0.008289563,21.74369772,21.74873266
7.30E-08,2463.137892,5.47E-09,1.33E-08,22.27983304,22.34632785
1.17E-07,2339.980607,6.54E-08,1.22E-08,22.89876926,22.97142259
9.76E-08,2063.493936,0.000263187,5.66E-05,23.10033479,23.21938022
9.52E-08,2109.54002,8.76E-08,2.28E-08,23.40557965,23.23988414
1.10E-07,2412.190361,4.67E-09,0,23.97809235,23.60181624
4.52E-08,4710.92107,4.33E-09,5.99E-09,24.33416803,24.3081856
4.89E-08,5169.60524,8.30E-09,1.11E-05,24.94085551,24.97280575
1.43E-07,625.7363603,0.000472517,0.000306501,25.10404662,25.15546671
6.42E-08,4145.703267,1.46E-08,3.28E-08,25.58222894,24.75364046
1.25E-08,1232.573036,0.015188113,0.002777657,25.36865149,24.60881195
8.88E-08,2279.167122,9.40E-09,1.49E-08,25.85388732,24.89320007
4.33E-08,405.7423136,0.015462826,7.44E-05,25.84714323,25.80517451
4.52E-09,4927.918144,4.76E-05,0.000729999,26.23206843,26.79717418
9.62E-08,2559.248057,1.23E-08,1.47E-08,27.39783102,27.16956138
9.12E-08,2834.541548,2.52E-08,1.22E-08,27.84308854,27.11037283
5.99E-09,435.3419719,0.01545883,0.007325277,27.56040201,27.56622663
2.62E-08,115.4693342,0.011131339,0.009441575,28.02498721,28.13626189
7.52E-08,2469.112528,7.93E-05,3.97E-05,28.44286027,28.67187002
3.21E-08,5179.160191,8.11E-08,4.09E-07,29.20959582,29.08604783
5.83E-08,1804.188559,0.006903875,7.37E-05,29.30223375,29.28597927
0,0,0,3.134122738,NaN,22.63237631
4.54E-08,3.281602919,0.001729787,0.041909001,23.26260075,23.26293775
4.04E-08,8344.341357,0.001812692,0.017500344,24.25812099,24.3264503
1.64E-07,6717.222231,0.000947202,9.46E-05,25.05073535,25.01147577
1.66E-07,4336.220829,4.47E-09,3.38E-05,25.36515623,24.86681807
9.06E-08,4635.949408,2.18E-09,1.31E-09,25.43631372,24.7511121
1.35E-07,1877.120854,2.86E-08,6.48E-09,25.5909235,25.03931903
7.33E-08,826.5199971,0.008972693,0.000461578,25.59120102,25.28382588
4.02E-09,4104.612819,4.94E-09,0.00182235,25.74944145,25.45929128
6.49E-09,4996.523196,6.12E-09,7.52E-09,26.23024214,25.9680008
1.99E-08,4431.864521,7.14E-09,8.41E-10,26.53297077,26.26997284
1.62E-08,0.170145929,0.020450834,8.31E-06,26.58248241,26.44197548
9.43E-08,1656.939383,6.65E-09,1.36E-08,27.17771193,26.78167465
3.54E-09,4930.352758,2.81E-09,5.13E-09,27.43618091,27.29295055
4.41E-08,2421.689905,1.95E-05,0.002189344,27.54161819,27.61369571
5.05E-08,36.47784244,0.007489986,0.006742971,28.00896566,28.29460865
3.79E-09,829.0634256,2.98E-05,0.017506938,28.58622618,29.09293404
7.72E-09,0.653397754,3.79E-05,0.020092447,29.17925581,29.46739025
3.67E-08,4532.821287,3.05E-09,5.40E-09,29.81599999,29.5464819
0,0,0,3.173676123,NaN,24.94169791
3.52E-08,4594.80016,0.000638156,0.02044858,25.62268598,25.62318763
1.86E-07,2918.757223,0.009862164,3.36E-05,26.46812758,26.49416953
2.48E-09,780.7179792,0.024392994,0.021988973,27.05776049,26.96524165
1.58E-07,2947.416054,0.002097029,0.003555893,27.71332874,27.6618888
3.52E-08,70.33352311,0.037831638,0.001687493,28.18235339,27.97687904
7.80E-08,5661.227412,1.25E-08,2.56E-08,28.69165758,28.21630732
8.72E-08,4567.427981,0.000101585,4.21E-08,29.02409232,28.39512838
5.23E-08,5999.50959,6.89E-09,6.25E-10,29.58290924,29.19026736
1.07E-08,2685.190432,0.011165333,0.008843233,29.92023237,30.11646864
4.51E-08,4515.977228,4.38E-07,0.003900541,30.35906779,30.17757213
0,0,0,3.208882551,NaN,27.30803344
8.89E-08,433.1745075,0.005147552,0.008694761,27.75155739,27.75159708
5.68E-09,0.505933911,0.012647003,0.017376125,28.19781723,28.19561432
1.52E-08,62.02557386,6.67E-05,0.031127796,28.82825925,28.88669955
2.95E-08,5295.6422,0.011429139,3.34E-08,29.77879357,30.04631618
3.10E-08,5851.313337,0.01449083,3.76E-07,30.82276,31.10833044
1.23E-07,489.5881424,1.47E-09,0.028041053,31.99238379,32.19935727
1.11E-07,6814.14634,6.54E-09,1.34E-07,32.87998684,32.9339709
1.29E-07,7057.664753,3.42E-09,6.72E-09,34.03696142,33.26254396
8.55E-08,7818.533266,3.23E-09,5.52E-09,34.55359196,33.87833685
1.34E-08,8149.570704,0.000883437,0.007511117,34.95425798,34.82657779
1.54E-08,7021.255261,0.000940868,0.011681907,35.72263171,35.54750911
9.16E-08,981.1591463,0.025516944,6.26E-05,36.55512759,36.02677601
6.28E-09,16.812615,0.039258569,0.004554494,37.01762933,36.02414717
0,0,0,3.294749903,NaN,34.71510434
-2.17E-08,-507.6530374,-0.001232305,1.324531764,34.50566479,34.50452996
1.07E-10,87.32438284,0.00010111,0.002933272,34.74809428,34.83788662
3.88E-09,313.9616532,0.004958819,0.002413481,35.07055211,35.18193509
0,0,0,3.28764864,NaN,33.99446643
5.80E-08,434.8357871,0.015550793,0.016553139,34.77752513,34.77741443
9.09E-08,5996.563527,0.001132603,0.005827015,35.91753873,35.98272326
2.31E-07,2806.26217,0.005769516,7.16E-05,37.29193368,37.41132268
2.37E-08,1074.994543,9.65E-05,0.047625684,38.59966895,38.57732914
7.87E-08,1435.248384,0.031755505,0.006840683,39.58372217,39.37174675
1.13E-07,1385.452589,0.027368002,6.80E-05,40.36723196,39.88330858
5.94E-08,4704.290808,0.003843106,0.013243261,41.22237532,40.90954769
9.10E-08,2926.450568,0.013367917,0.005802107,42.25983893,42.09399909
1.12E-07,6453.594353,1.28E-08,2.06E-07,43.5582542,42.80049838
5.36E-08,1077.410942,0.03183581,8.85E-05,43.88766065,43.12931904
0,0,0,3.326141877,NaN,38.19242397
1.45E-07,5111.601224,0.005462106,0.016896745,39.7068044,39.70695423
3.45E-08,6913.211842,0.00012487,0.045276101,41.76123016,41.85158594
8.61E-08,1497.84762,0.032953299,0.030800383,43.71661143,43.69014175
2.12E-07,7640.053177,1.14E-07,0.004279829,45.38701725,45.17320348
2.76E-07,5466.594666,4.12E-09,9.57E-09,47.06264188,46.12780753
3.02E-08,6468.056947,0.008945576,0.01836097,47.50624023,46.58256628
1.72E-07,3485.474666,3.64E-05,0.005391969,48.01492874,46.50189661
1.03E-07,346.4426281,0.029514664,2.73E-07,48.47237382,47.10169807
6.74E-08,6872.456911,3.54E-08,6.32E-09,49.08847429,46.64676156
0,0,0,3.346834801,NaN,40.77834817
5.60E-09,169.2673666,0.000197957,0.000230867,40.82738647,40.82747169
5.52E-09,749.5179714,0.001925845,0.00096025,41.0764588,41.11646708
0,0,0,3.355162308,NaN,41.89364041
1.11E-07,3734.829676,0.003766353,0.00188519,42.88588858,42.88571423
4.52E-08,1105.966005,0.026739209,0.007995221,44.00592261,44.02602674
1.45E-07,5754.46672,7.21E-09,2.41E-08,45.4777231,45.35650598
7.78E-08,126.7207163,3.42E-09,0.037383253,46.83236513,46.95417901
1.81E-07,5352.725067,4.39E-07,2.71E-05,48.52768542,48.10957113
2.06E-08,5556.559174,0.002537832,0.018558872,49.2826407,49.11304324
1.94E-07,3249.889313,4.58E-09,1.26E-08,50.58971833,49.45487017
0,0,0,3.362601503,NaN,42.9291155
3.17E-08,1028.82914,0.001082382,0.000257842,43.20666838,43.20666744
1.27E-07,5979.559401,3.21E-07,1.55E-07,45.030657,45.21857317
1.25E-07,4407.825791,9.08E-08,0,45.76260516,45.35008856
0,0,0,3.342197877,NaN,40.17653027
2.52E-08,577.0420583,0.001168029,0.000322205,40.36335809,40.36370441
2.94E-08,3344.897423,0.002407864,0.00328358,41.25799511,41.40014276
2.04E-08,202.1195385,1.15E-07,0.037209166,42.67068539,42.94477614
1.14E-07,5972.552382,1.16E-08,0,44.00274284,43.73981291
2.38E-08,4439.150983,0.009353566,0.005991689,44.54404673,44.41082277
0,0,0,3.356612318,NaN,42.09250922
8.36E-10,55.79916812,0.010474135,0.011818807,42.58338742,42.58311326
4.41E-08,2203.079454,0.014674241,0.000114892,43.5229063,43.60841186
3.31E-10,37.71515386,5.52E-07,0.038166911,44.68921896,44.81531702
1.46E-07,3650.241103,0.003380838,7.67E-09,46.1987862,46.53697714
1.27E-07,4445.525479,0.008493678,7.74E-08,47.90859038,48.31907054
1.88E-07,4770.939157,2.88E-09,1.15E-09,49.68811442,49.3723221
1.27E-07,108.5290987,0.025175903,0.005155051,50.47480748,50.05430826
1.70E-08,4698.720887,0.006549552,0.014573558,51.10388404,50.12617252
0,0,0,3.331511518,NaN,38.83929248
2.00E-08,639.7111636,0.004888391,0.000884458,39.09270467,39.09234401
3.65E-08,698.2308305,0.000578654,9.95E-05,39.28571761,39.27320983
5.10E-08,1141.59366,5.53E-09,1.00E-08,39.64690468,39.54207832
5.83E-08,3614.436039,0.001874442,1.82E-06,41.0342915,41.85468935
8.90E-08,6141.31009,1.29E-08,5.49E-08,42.85670746,43.22603478
8.22E-08,5548.25441,4.39E-09,1.43E-07,43.56569056,43.34869457
0,0,0,2.53953969,NaN,7.71450649
2.15E-08,529.6358454,0.000432079,0.000202641,7.743308839,7.743265765
7.81E-08,2092.434905,1.42E-08,1.18E-08,7.878621244,7.873815948
-1.59E-08,-0.029619286,-0.01382392,0.000514834,7.60517064,7.461021686
-1.43E-07,-1679.369972,-0.000280601,8.19E-05,7.344172393,7.200863931
-8.71E-08,-821.5192346,-0.012356314,0.001200842,7.264491539,7.307533959
-2.10E-08,-193.177477,-0.016572242,9.26E-09,7.273346332,7.276386298
-1.03E-08,-60.43594419,-0.023549389,1.78E-07,7.117422237,7.015706044
-3.93E-08,-382.4835591,-0.018490393,0.000130505,7.008975558,7.075403864
-1.90E-08,-132.9904952,-0.005370918,6.76E-09,7.262579099,7.508480274
7.90E-11,42.28541764,5.84E-09,1.95E-09,7.451962771,7.73935269
-2.52E-09,-96.19687665,-0.000564306,4.32E-09,7.435520276,7.688221979
-2.88E-08,-14.26135713,-0.008059704,0.007612211,7.342352415,7.317694607
-4.06E-08,-1191.951266,-0.011125432,0.016049248,7.294618685,7.132069105
-3.72E-08,-943.107572,-0.008119245,0.011955569,7.264107295,7.25521834
-5.49E-09,-398.6801688,-0.005665115,0.003075673,7.258429202,7.370009078
-2.25E-08,-726.1146614,-0.005492057,0.007812538,7.272298835,7.359900733
-5.42E-08,-694.7246682,-0.009885354,0.014702308,7.228704432,7.050334884
-5.61E-09,-293.2284146,-0.006136741,0.002787137,7.188794386,7.216376529
-2.08E-09,-0.246909627,-0.000812265,1.47E-08,7.356835726,7.651600305
-9.21E-09,-498.5932775,-0.003138481,0.004193071,7.286880661,7.462453626
-1.90E-08,-18.47702166,-0.003571443,0.003974814,7.294687433,7.413213874
2.19E-09,0.968994141,5.57E-09,0,7.440464395,7.937054954
1.04E-08,477.6470495,1.09E-08,6.17E-09,7.648754883,8.06397136
-3.99E-09,-101.6232761,-0.000772757,0.003330099,7.526945669,7.639756272
-1.28E-08,-409.6166393,-0.003154974,0.007977032,7.535039246,7.402069439
-1.25E-08,-1.663843663,-0.005040114,0.007132304,7.48354735,7.203135806
-2.16E-08,-596.9814928,-0.004003282,0.009574547,7.478760629,7.290761947
-6.43E-10,-9.670420705,-0.000577201,0.001190884,7.474055833,7.649697072
3.40E-10,2.068754045,2.72E-09,0.000815171,7.506721157,7.722820528
-5.98E-10,-157.2979314,-0.001453239,0.003245107,7.519752387,7.541318394
-5.54E-10,-26.59740514,-0.000916741,0.002131345,7.526794378,7.592619102
1.94E-09,39.42261227,3.39E-05,0.000789141,7.558053885,7.760785225
1.47E-09,75.57615348,5.29E-05,0.000969207,7.591053028,7.787525616
1.23E-09,9.84E-09,8.84E-10,0.001669138,7.616919679,7.768861744
1.68E-09,23.57576016,1.08E-08,0.001648363,7.641287346,7.754977134
-7.19E-11,-18.97902472,-0.000263949,0.002406913,7.652480906,7.676626362
-1.22E-09,-53.84399792,-0.000313652,0.002783004,7.660756332,7.656974645
6.57E-09,220.4516798,2.58E-07,7.69E-08,7.693541146,7.927876166
1.64E-09,468.8596474,1.01E-05,2.62E-08,7.756025955,8.243596801
2.54E-09,409.6094427,0.000624096,1.13E-05,7.816903286,8.292204758
1.25E-08,727.1787851,4.89E-09,2.38E-09,8.072721975,8.423212536
1.14E-08,269.9508107,0.000961718,1.43E-05,7.971250669,8.592261043
2.71E-08,862.2372699,8.68E-09,9.05E-09,8.450411322,8.676947865
2.25E-08,823.7154574,1.78E-09,1.45E-08,8.396577566,8.566024329
1.23E-08,913.6423928,1.27E-08,1.16E-08,8.305757658,8.69491316
3.59E-10,170.560317,1.33E-08,0.004997936,8.310847581,8.825712702
8.55E-10,210.5588466,1.07E-08,0.004900456,8.360422307,8.589030915
2.49E-09,179.0600496,4.55E-09,0.004721917,8.380907304,8.292194469
1.20E-09,9.832437441,5.63E-09,0.005491374,8.413004801,8.243333563
1.23E-08,416.1608926,0.001742451,1.26E-08,8.376453009,8.207206172
2.32E-09,1.055598244,3.01E-09,0.005183712,8.439530977,8.315466711
1.51E-08,560.394057,0.000457201,2.76E-09,8.429662682,8.491928522
3.14E-09,2.88E-05,2.88E-06,0.005084156,8.504095725,8.531060224
6.72E-09,340.5962701,3.16E-09,0.003074289,8.487252864,8.328394268
4.50E-09,24.23697522,3.86E-10,0.004568455,8.511061742,8.154443052
1.07E-09,306.7063815,5.42E-05,0.00372112,8.486976369,8.1714316
9.74E-10,28.68723064,1.22E-08,0.004915582,8.544063214,8.338097816
2.26E-09,331.2366506,3.21E-06,0.003341445,8.508515025,8.369735382
1.21E-08,437.2933707,0.001028141,1.97E-05,8.517054737,8.361486175
6.34E-10,285.4696577,0.000100323,0.003546823,8.535254672,8.299977261
7.09E-09,247.7006371,0.000116836,0.002522847,8.522748311,8.07690253
2.61E-09,33.98796027,0.000165427,0.003842333,8.521731208,7.954256707
2.50E-09,107.4311668,0.001288755,0.002479883,8.502572335,8.100020842
2.37E-09,248.5953897,0.000689061,0.002354838,8.509839694,8.353543361
2.41E-09,539.0702004,0.001523132,1.64E-05,8.52299014,8.538674569
1.78E-08,537.9457437,1.30E-08,1.07E-08,8.728380859,8.700012719
3.67E-09,672.0436956,0.000678165,9.94E-05,8.584500448,8.761421035
1.74E-09,502.070934,0.001744107,0.000235687,8.60769417,8.571725787
3.88E-09,75.67682716,0.000464548,0.003095212,8.645172113,8.563684534
5.42E-09,48.89948819,0.002267139,0.001470087,8.663344981,8.753647547
4.20E-10,6.178243294,0.001468579,0.003077831,8.702266055,8.693133868
7.82E-09,215.0723128,0.00186501,0.000487194,8.682210409,8.278946187
5.85E-09,401.217503,0.001380175,0.000286366,8.694263608,8.632456849
5.85E-09,417.4984487,0.001715895,5.63E-05,8.761966427,9.517411659
1.42E-08,767.2394637,1.12E-08,9.62E-09,9.041104401,9.602119768
5.02E-10,232.1919742,1.23E-07,0.003603836,8.877693954,8.854740664
2.43E-10,158.4525902,0.00012176,0.003769146,8.900679323,8.716719088
8.42E-09,674.6460855,0.000203702,1.43E-08,8.894961556,8.9591004
1.04E-08,446.6735711,0.000900627,3.53E-05,8.912824468,8.732529379
1.58E-09,18.75698077,0.000235265,0.003860197,8.952339219,8.439198767
5.80E-11,124.7642161,0.000584084,0.003338331,8.938063815,8.553057086
1.70E-09,240.6268268,0.00226972,0.001142672,8.940182195,8.986460408
4.72E-10,648.8700389,0.001487883,5.80E-05,8.959097086,9.10824549
1.72E-09,329.8677232,0.000638631,0.002277561,8.995296999,8.974326707
7.98E-09,553.3083093,0.000621021,3.74E-05,9.005638774,8.888066533
2.10E-08,223.853239,6.42E-09,0,9.079042299,9.161432429
4.50E-09,318.9167371,0.001138104,0.001472419,9.083036146,9.430888302
8.40E-10,640.5749528,0.001642442,5.35E-05,9.1221267,9.744789481
1.11E-08,232.6109115,1.12E-09,0.002008524,9.206851828,9.760305893
1.22E-08,305.9534445,0.001428124,3.77E-05,9.220159244,9.169580492
7.61E-09,279.3951718,1.87E-05,0.002311776,9.237774195,8.946051325
3.35E-09,867.2954898,0.000351025,3.49E-08,9.247389117,9.665536909
2.39E-08,1082.847274,7.16E-11,4.45E-09,10.2691325,10.31402648
4.37E-09,442.8679143,0.000182869,0.00234029,9.406066782,10.09666776
2.00E-08,203.4069648,1.57E-05,0.000871474,9.487436981,9.886257776
8.32E-09,722.1239781,0.000549769,2.17E-08,9.490169699,9.89561897
2.97E-09,953.1446673,0.000539852,1.57E-08,9.515861489,9.8639317
1.43E-08,820.0060605,2.44E-09,3.43E-09,9.791003198,9.95406049
4.38E-09,944.965296,0.000517355,7.00E-08,9.634758216,10.64269452
9.55E-09,13.36708612,5.00E-09,0.003717676,9.870103296,11.22599872
1.15E-08,172.495167,1.46E-08,0.003097197,9.940991569,11.26712213
6.74E-09,0.996454835,5.14E-10,0.004368767,10.11054984,11.15856047
2.23E-10,1097.892749,0.001492257,4.15E-09,10.0249501,11.14798678
1.84E-08,0,4.17E-06,0.003191278,10.33647471,11.51966667
1.72E-08,418.7124202,1.16E-08,0.001964242,10.35196737,12.25870604
1.95E-09,61.36141555,9.19E-11,0.005348146,10.6911744,12.72326303
1.16E-08,2.667265522,8.22E-09,0.004799276,10.96711147,13.49067794
1.09E-08,2552.580597,7.76E-09,1.47E-08,11.60214551,14.82293595
1.35E-08,752.0468803,2.88E-09,0.003050328,11.19199075,15.70159086
2.21E-09,102.4750573,6.69E-09,0.006489295,11.9949221,16.26667564
1.20E-08,359.8223742,3.37E-09,0.005392707,12.19099707,16.911441
8.10E-09,696.2903167,9.62E-10,0.005749183,12.54466423,17.3505529
2.31E-09,603.3875294,1.34E-09,0.006963315,13.19356592,18.05776971
1.70E-08,3832.328582,1.13E-08,4.69E-09,13.56016059,18.9773764
6.00E-10,28.27308573,7.17E-09,0.008433347,14.97750746,19.34508333
4.20E-08,360.0078792,7.63E-09,0.002996225,14.50534744,20.07372395
5.74E-08,1481.554599,7.96E-09,1.31E-08,17.46258026,21.5101059
4.20E-08,5247.059677,4.69E-09,1.25E-08,17.44199452,22.29315098
1.22E-08,3153.310664,1.19E-08,0.007145048,16.41076777,22.81455264
5.57E-09,817.161848,8.56E-09,0.00904786,18.42030454,22.96060512
2.01E-09,1206.304933,1.33E-08,0.009476401,19.24634736,22.99040135
0,0,0,2.868655029,NaN,13.02357736
3.43E-10,679.8636966,0.00667631,0.023947765,13.25874983,13.25896343
9.98E-08,2.664263085,0.003958956,0.008312523,13.43569405,13.42349086
-3.24E-10,-4.711700335,-4.14E-06,0.001754515,13.195068,13.00699477
-7.90E-09,-161.992229,-0.003046571,7.40E-09,13.05753067,12.92397342
1.40E-09,99.92178416,1.09E-07,2.31E-08,13.15629444,13.21905264
-1.13E-08,-6.140626486,-0.001963711,3.75E-09,13.03523408,12.93366222
-1.33E-08,-19.77068592,-0.006795113,0.000447384,12.8565248,12.66250471
-4.71E-09,-122.6486553,-0.000912952,0,12.98437795,12.96975623
4.77E-10,42.6909428,1.00E-09,1.12E-09,13.0607128,13.08561604
5.04E-10,150.1803869,4.53E-09,2.31E-10,13.08949553,13.12946273
2.05E-08,53.64699332,7.29E-09,1.20E-08,13.22009919,13.32001597
6.80E-10,27.66347576,7.40E-05,0.000400264,13.13072947,13.35454609
3.41E-09,51.27933815,4.58E-05,8.36E-06,13.1454698,13.16906666
-2.10E-09,-7.05940395,-0.000916373,0.001123609,13.08077683,12.86215908
-6.75E-10,-241.4199733,-0.001795807,0.001993531,13.00689007,12.76225399
-5.23E-11,-1.534755833,-9.38E-05,4.17E-09,13.06088382,13.01311387
2.63E-09,75.41982744,1.27E-08,6.96E-10,13.1307147,13.33752615
1.11E-08,63.46197733,1.08E-08,7.36E-09,13.23256206,13.35464414
1.24E-09,70.36950047,6.21E-09,4.50E-06,13.14020389,13.2044113
7.49E-09,171.8127051,5.11E-09,1.26E-08,13.25882028,13.21387517
3.73E-09,19.24206987,3.44E-05,0.000179614,13.18136544,13.28662047
2.55E-09,61.4864886,0.000137225,2.77E-05,13.1873772,13.18475237
-5.62E-10,-16.10715315,-2.34E-05,0.000881451,13.16437625,13.00700469
-1.10E-09,-32.81553559,-0.000128882,0.000926933,13.14208949,12.99091125
-7.08E-09,-254.5920393,-4.44E-05,0.002521959,13.0907527,12.76112734
-1.02E-08,-378.5822096,-1.18E-05,0.003096913,13.02777244,12.62317634
-4.82E-09,-102.2558519,-7.20E-05,0.000583503,12.98817563,12.79794552
-4.65E-09,-107.9372061,-2.89E-05,0.000448983,12.96862071,12.86551692
3.40E-09,140.0260898,1.47E-08,8.05E-09,13.19820917,13.203819
5.72E-09,487.7470537,7.71E-09,9.75E-09,13.46717377,13.94606613
1.11E-08,1049.348861,7.20E-09,4.92E-09,13.93073627,14.41963465
2.29E-08,199.7180513,1.14E-08,3.22E-09,13.73392144,14.29267536
1.68E-09,520.9611961,9.82E-09,1.62E-09,13.56262492,14.35149839
1.92E-09,0.641767913,9.03E-05,0.002989675,13.6612212,14.53913087
1.49E-08,1200.524744,1.44E-07,2.68E-09,14.37301136,14.81125409
1.67E-08,265.4706077,0.000626529,8.17E-05,13.97725842,15.10716373
6.57E-09,7.537980151,2.09E-09,0.004754656,14.23796692,15.59252761
1.43E-08,527.6041197,0.001570863,6.47E-09,14.39545966,15.78007158
5.78E-10,676.332445,6.53E-09,0.004104311,14.60703486,15.85213068
1.30E-08,1267.43038,2.16E-06,1.49E-08,14.84901121,15.75707806
4.31E-08,111.1840607,1.45E-08,0.000621426,15.03330267,16.2936731
1.49E-08,25.99446634,1.32E-08,0.006718885,15.4018961,16.98933013
1.26E-08,1378.368066,0.001719341,6.76E-09,15.56005661,17.59752958
1.02E-09,622.2798921,1.26E-08,0.008376975,16.10264123,18.18195652
3.25E-08,2462.699939,1.21E-08,2.79E-09,17.04520781,18.78928694
2.47E-10,871.2801663,1.00E-08,0.009529822,16.95660909,19.42034761
1.75E-08,600.4935251,1.98E-09,0.008803258,17.43159168,19.75888182
2.82E-08,449.5012045,1.32E-08,0.008439538,17.89560358,19.97701293
5.50E-08,3544.52637,1.45E-08,1.19E-09,19.73851912,20.55870559
9.55E-09,280.3802968,5.83E-09,0.01246252,19.23189919,21.63494381
1.29E-08,2111.478679,9.74E-10,0.008915852,19.27211263,22.27110944
7.41E-08,3570.100413,5.67E-08,2.30E-07,21.97247994,21.98986535
1.96E-09,275.1702358,3.67E-09,0.014194037,20.97757808,21.51560928
6.41E-09,786.9228384,1.01E-08,0.013333958,21.23330871,21.47708994
5.59E-08,1568.101672,0.00317272,3.22E-09,20.81131544,21.80808725
3.04E-08,48.6891692,2.32E-09,0.011826342,22.03524449,22.37655162
3.39E-08,4276.692206,7.99E-07,1.79E-09,21.43767479,22.62270084
3.53E-08,504.2515808,3.22E-09,0.010651192,22.59780256,22.57731911
3.74E-08,2176.00331,0.005645864,2.17E-09,22.08449189,22.57690041
3.92E-08,388.3700656,1.60E-09,0.010286676,23.28686382,22.84640105
3.15E-08,2158.788511,8.94E-09,0.008132137,22.96604833,23.14575935
1.77E-08,17.64940479,9.63E-09,0.012756331,24.28082002,23.2940869
5.34E-11,290.1111349,9.98E-09,0.01381548,24.56397232,23.42303724
0,0,0,2.97470008,NaN,15.95203389
9.51E-08,5698.836439,0.025483308,0.011030389,16.65755603,16.65786305
3.42E-08,0.120142758,0.023914412,0.022911727,16.9443779,16.86063947
1.08E-07,2849.396037,3.18E-09,3.40E-09,16.98114235,16.67190324
3.26E-08,4134.229857,6.05E-07,1.36E-06,17.09919629,16.92396453
2.63E-09,1053.926714,0.011342274,0.004528914,17.18269037,17.16566451
4.26E-08,5.245573804,0.007805439,0.003357038,17.23761942,17.07598484
7.08E-09,173.5485618,0.008772157,0.000801186,17.10280613,16.70166991
8.22E-09,442.9292691,0.001090303,0.001451287,16.94724423,16.52756427
4.55E-09,947.2470822,7.37E-09,1.41E-08,16.93678277,16.46262546
4.83E-09,121.9879812,0.000666054,0.00025012,16.80551402,16.72327914
8.76E-09,1647.883856,1.13E-08,1.08E-08,17.22401129,16.96129945
3.24E-09,1555.387897,8.99E-09,5.94E-09,17.22586425,17.11544888
1.95E-08,863.1703251,1.01E-08,8.79E-10,17.24636961,17.2
1.79E-08,315.5305324,7.73E-05,0.000422687,17.14872901,17.35126268
1.15E-08,0.057529398,0.001787252,0.001702699,17.20324585,17.22321935
7.27E-09,1160.024969,9.86E-10,7.82E-09,17.39012587,17.00410197
5.19E-09,205.6294454,0.001835678,0.000509464,17.18883071,17.00295477
2.85E-09,1532.424125,6.02E-09,9.42E-09,17.58066184,17.33045444
2.04E-08,1006.091524,5.91E-09,0,17.69131208,17.7308789
1.89E-08,1371.305593,2.07E-08,1.02E-08,17.93870795,18.16833956
1.32E-08,2012.264813,1.02E-08,9.19E-09,18.24639013,18.19516403
3.57E-08,752.4652242,8.85E-09,5.56E-09,18.12665131,18.08139055
3.75E-08,411.6842349,8.08E-09,6.96E-09,18.06614128,18.20154093
1.61E-08,480.9060249,7.24E-07,0.003080223,18.11760535,18.56925308
3.20E-08,624.3062199,1.24E-07,1.28E-08,18.29073739,18.68326907
1.69E-09,1790.048744,1.35E-08,7.72E-09,18.44159196,18.67813593
2.20E-08,1735.298635,1.37E-08,4.16E-09,18.96500038,18.89268377
4.61E-08,6.613981971,5.48E-05,0.001541898,18.71560961,18.9937894
1.32E-10,472.0750302,1.46E-08,0.007009996,18.82865151,18.85045123
1.97E-10,2.63E-05,1.33E-08,0.008860779,18.98123224,18.9703153
8.37E-09,707.6435719,0.004942462,1.77E-09,19.04975337,19.38465421
4.53E-09,393.9105895,1.21E-08,0.007215081,19.28077947,19.76484714
2.40E-08,2236.258341,1.44E-08,1.17E-08,20.12171543,20.20909374
2.53E-08,2577.988853,5.02E-09,7.10E-09,20.56082676,20.45279601
2.23E-09,2522.56467,4.18E-08,9.94E-09,19.96628861,20.48231207
5.37E-08,453.7630688,9.97E-09,4.03E-09,20.14597645,20.06747074
9.72E-10,1100.954179,0.005664113,0,20.05040719,19.58256391
2.64E-08,1836.453015,1.54E-09,6.67E-09,20.59300981,19.55903415
2.57E-08,3.961874791,9.82E-10,0.006112382,20.32081235,20.20626139
1.40E-08,1249.949239,0.002353941,1.27E-08,20.33788964,20.36699227
1.73E-08,1834.007425,3.66E-09,6.77E-09,20.62702826,20.34286267
2.12E-08,2101.017827,1.03E-09,1.42E-08,21.12795099,20.32677231
3.39E-08,332.3568038,6.16E-05,0.003183238,20.74111842,20.84081589
4.53E-09,462.9020209,6.90E-05,0.007299114,20.92620829,21.17382454
1.79E-08,96.84922156,8.38E-09,0.00679202,21.122379,21.2785706
3.65E-08,2281.818927,1.45E-08,3.71E-09,22.58053239,21.24088732
2.98E-08,2365.950704,1.33E-08,1.66E-09,22.48410906,21.48536565
6.84E-09,659.4477429,1.39E-08,0.006596798,21.53355325,22.03683927
3.62E-09,1238.451773,0.005032524,1.54E-09,21.69034901,22.71962764
2.40E-08,2561.704648,1.37E-08,0,22.9182931,23.23773223
2.64E-08,2648.481254,1.44E-08,2.64E-10,23.31827882,23.21078634
1.24E-08,1592.891028,0.002574899,5.53E-09,22.36594465,23.01937683
3.79E-08,2150.439077,1.28E-09,7.76E-09,23.88738634,23.15451282
3.89E-08,691.4891921,0.002188013,8.42E-09,22.94856335,23.9097918
3.06E-09,173.3554783,4.92E-10,0.00941976,23.49907623,24.29424918
4.64E-08,2568.178257,1.19E-08,1.00E-08,25.58299259,24.04328265
8.42E-09,399.3175228,1.12E-08,0.008344049,23.8321053,23.65404216
3.57E-09,921.419825,5.54E-09,0.007601257,23.83628719,23.65360921
2.72E-09,368.7276291,1.45E-08,0.008947256,24.20128333,23.79734381
3.14E-08,1850.235961,1.60E-09,2.62E-09,24.45651649,24.44461323
1.94E-08,414.6893658,1.68E-09,0.006938377,24.59692341,25.21250595
2.87E-08,1618.941959,0.000603909,4.21E-08,24.56192544,25.70941856
2.19E-08,362.1199748,8.65E-09,0.006900648,25.16571564,25.9454317
0,0,0,3.172742086,NaN,24.88316254
6.63E-10,90.3572241,0.000208395,0.000875127,24.90504469,24.90516635
1.10E-07,3057.456103,7.49E-08,8.12E-06,25.60892071,25.6322751
1.59E-07,2.99280063,0.000354865,0.010663837,26.20842192,26.32594064
0,0,0,3.100475153,NaN,20.9112903
3.74E-09,1619.487466,0.00027679,0.009355152,21.11934231,21.11924746
3.54E-09,284.8328907,0.003849204,0.000430346,21.09637978,21.05025631
-1.71E-08,-534.3076069,-2.86E-09,0.001461138,20.89278744,20.77851766
-3.31E-08,-9.000449159,-0.011368686,0.001783826,20.50769463,20.27714629
-2.69E-08,-981.6739636,-0.007745635,2.34E-05,20.24759314,20.14884694
-4.25E-08,-428.5259377,-0.007674134,0.002066777,20.1864654,20.32923719
-8.11E-10,-7.611847957,-0.001193482,6.51E-09,20.62830033,20.81090362
6.74E-10,1.77E-05,1.39E-08,1.13E-08,20.72771373,21.08229909
4.94E-09,278.5228052,1.28E-08,1.42E-08,20.87522387,21.08485831
4.93E-09,2.229029793,1.43E-08,1.57E-05,20.83541095,21.0767979
5.33E-10,1.21E-05,7.91E-07,0.001419459,20.89604998,21.02339847
1.52E-10,1.39007435,2.24E-05,0.002239953,20.98249444,21.16624113
1.29E-08,316.1839899,3.40E-09,2.47E-09,21.14329959,21.2422981
1.26E-09,5.166191101,6.81E-05,0.002913754,21.13453189,21.23346523
-8.68E-09,-186.3966937,-0.001442532,0.005912602,21.05926142,20.66329855
-2.59E-08,-700.8208237,-8.14E-09,0.007809512,20.85490504,19.9868776
0,0,0,3.06436003,NaN,19.27365013
-9.83E-09,-387.2213529,-0.005870973,8.03E-07,19.16829547,19.15992041
-2.57E-08,-489.0591719,-0.004138489,0.004680794,19.12928961,19.14619908
3.82E-10,41.88978686,2.52E-06,0.001700552,19.26055509,19.34428553
1.18E-08,9.958746332,0.000887829,0.002687234,19.38660411,19.45537855
5.95E-08,1972.854823,4.90E-08,4.22E-09,19.94241712,20.07036752
3.25E-08,785.3194534,9.18E-09,0.01541676,20.425733,20.93651983
9.21E-08,3392.950745,2.19E-06,1.37E-05,21.14821119,21.60150012
4.53E-08,1642.279544,6.91E-09,0.015324459,21.41642422,21.32507474
8.43E-08,2644.337309,9.67E-09,7.85E-09,21.52522552,20.88385875
9.84E-09,1242.473835,0.01265381,0.003729512,21.52320003,21.09169944
8.66E-08,1888.190752,8.10E-09,1.25E-09,21.83800956,21.39413861
7.24E-10,2097.95917,0.001375523,0.008175761,21.69946942,21.15899801
4.30E-08,833.2351738,0.004781276,0.001581657,21.70935521,21.06111569
4.47E-08,0.197412563,0.0090474,6.36E-05,21.73024749,21.18096502
3.99E-08,1359.314873,4.99E-05,0.001056636,21.78538359,21.36164176
1.74E-08,870.7532772,0.004249942,0.002264559,21.80158426,21.2715828
1.46E-08,41.51461341,0.009267495,0.00074434,21.74548198,20.96414678
4.20E-09,779.7530518,0.003537564,0.002340395,21.64938289,20.71461718
3.49E-08,1118.800297,1.35E-08,1.52E-09,21.8748942,20.85600941
2.44E-08,1508.481175,3.54E-09,1.22E-08,21.98821777,21.30925863
3.81E-08,1388.849361,1.40E-08,0,22.33551867,21.89704203
2.49E-08,1651.98203,2.83E-09,3.33E-09,22.33332075,21.82015349
3.16E-08,440.2170709,0.000308581,0.000516137,21.88832058,21.43432487
1.37E-08,27.37557067,0.005835586,7.40E-08,21.87454918,21.31278248
9.28E-09,1077.741377,7.88E-07,0.000351148,21.8767299,21.33571479
4.05E-08,945.0163019,2.62E-09,2.46E-11,22.62303022,21.46364011
3.71E-09,384.4530253,0.003255878,0.001069405,21.90904498,21.54304782
2.96E-09,63.02910555,0.005810587,3.84E-05,21.89241947,21.27255506
1.46E-08,849.3917487,1.26E-08,8.30E-09,22.03526612,21.25982479
2.05E-09,1199.531633,4.69E-09,4.43E-10,22.01863333,21.43126853
1.93E-09,180.3000574,0.004353765,0.000102357,21.90799146,21.62468382
1.05E-08,1234.189315,2.21E-10,7.15E-09,22.43754845,22.04678303
2.73E-08,993.1822062,5.80E-09,0,22.88982882,22.62879375
1.76E-08,1393.638641,1.49E-09,1.38E-08,23.03032561,22.9
1.59E-09,1343.643988,1.18E-08,8.79E-09,22.54180644,23.10651463
2.32E-08,1552.316037,6.54E-09,1.32E-08,23.62878753,23.09982314
1.51E-08,1768.256363,2.99E-09,2.53E-09,23.63900304,23.14840738
3.15E-08,1033.425093,3.90E-09,6.36E-09,23.70976916,23.4642923
5.81E-08,0.494324423,4.61E-09,0,23.85062248,24.11812588
1.81E-08,2174.643264,9.38E-09,1.94E-07,24.60084336,24.94038424
2.21E-08,1680.562112,3.65E-09,6.74E-10,24.49792189,26.04067276
4.78E-09,1882.646925,1.50E-06,2.28E-09,24.147325,27.14458367
3.92E-09,3140.787441,1.31E-08,6.13E-08,25.52962514,27.75581838
2.09E-09,2255.830596,0.000529941,1.62E-07,24.98694282,27.90670835
2.68E-08,555.6246809,1.61E-09,0.004872072,25.67422713,28.39052364
1.78E-08,3285.966979,7.73E-09,1.42E-08,27.16132354,29.30091994
4.44E-08,2205.360381,6.50E-09,5.62E-09,28.03330751,30.7439479
3.08E-08,3552.453716,1.19E-08,4.92E-09,28.89663754,31.36543867
2.44E-10,584.6736849,1.18E-08,0.011449844,28.65113075,31.60706023
0,0,0,3.09912919,NaN,20.84657227
3.30E-10,69.4706331,0.015108663,0.017732256,21.20658959,21.20681025
1.84E-07,2905.037605,0.006222227,3.94E-05,21.97212623,22.04603056
4.77E-09,175.425842,5.85E-06,0.055839947,22.89016785,22.96679047
2.05E-08,1751.831356,0.02811108,0.014747045,23.33891725,23.1576667
1.16E-07,4506.791688,8.43E-07,3.76E-06,23.5112144,22.97000765
1.77E-08,249.7729207,0.025002891,0.002777676,23.38890777,22.7689954
9.07E-08,1431.255549,0.000323159,0.001857429,23.43680622,22.97161355
2.40E-08,4673.774137,2.27E-07,1.95E-07,23.88285378,23.77680461
1.65E-08,1378.096807,0.015639687,0.002627681,24.26295098,24.57741015
6.39E-08,1490.338122,0.006187933,0.003524217,24.67440143,24.75807558
7.00E-08,3824.782864,5.70E-07,2.42E-06,25.2779762,24.90975579
4.90E-09,2875.772712,0.004261239,0.00830711,25.32730738,25.2903747
8.54E-09,3193.036432,0.000632401,0.008549388,25.52966544,25.14078667
3.65E-09,1622.768337,0.010727154,0.004388256,25.59611709,24.70473145
3.13E-08,125.245062,0.016116959,5.54E-05,25.59209001,24.54236839
2.36E-08,3677.569436,6.69E-09,1.03E-08,25.89432871,24.69979798
2.10E-08,23.79477822,0.014720699,1.75E-05,25.58998844,24.59102259
4.44E-08,2629.796219,3.47E-08,4.58E-10,26.17551192,24.7415426
3.82E-08,29.400731,0.009694331,1.09E-07,25.76148761,25.42197721
3.48E-08,44.4061621,0.010187592,5.74E-08,25.97110507,25.94395638
7.10E-08,1618.194988,1.22E-08,1.66E-08,26.94851947,25.94627069
4.72E-08,179.9507893,0.006527465,1.32E-05,26.33097243,26.10826017
5.29E-08,1898.889774,6.06E-09,1.18E-08,27.12478591,26.50125684
2.25E-08,379.6183333,0.00996613,9.96E-05,26.78283167,26.97221465
8.37E-09,42.96450558,0.014752339,1.61E-05,27.03735636,27.23288671
2.26E-08,3453.967075,3.23E-09,2.70E-06,28.06098768,27.45524633
5.14E-09,1052.432399,0.006735065,0.003014584,27.52008794,27.54960034
3.01E-08,3196.741663,1.46E-08,5.01E-10,28.66250973,28.24430337
5.05E-08,9.844941643,0.00696987,0.000957716,28.23838051,28.98419321
0,0,0,3.114653341,NaN,21.61172674
-1.63E-07,-4341.250687,-0.01963677,0.015471325,21.00843983,21.00842651
-1.73E-08,-341.1090469,-0.018936694,8.69E-09,20.95302305,21.00170813
-2.96E-08,-861.3675781,-0.00545467,0.008669248,21.14265974,21.3738738
2.90E-08,772.154535,8.98E-07,3.72E-07,21.58686448,21.90880984
3.02E-08,624.5440092,7.20E-05,0.003839541,21.82522591,21.95562903
-1.64E-10,-18.16083446,-0.001368434,0.009310454,21.74953163,21.50463957
-4.69E-08,-1171.469175,-7.77E-09,0.014496053,21.46398568,20.93043484
-1.48E-10,-127.8962212,-0.004742269,0.000808413,21.10975879,20.50704902
-6.25E-08,-1704.524182,-2.17E-09,0.010618778,20.80797688,20.31346238
-7.71E-08,-1644.061191,-5.72E-09,0.010090216,20.53818168,20.13624067
-5.46E-08,-1779.52459,-1.31E-08,0.006910624,20.34891436,20.14532535
-5.74E-08,-1163.414817,-1.41E-08,0.004094415,20.22711147,20.2325625
-8.74E-09,-213.4242106,-0.006001775,2.04E-09,20.3613113,20.71560917
-2.85E-09,-55.4456148,-0.002370971,4.22E-09,20.73918622,21.22779631
2.01E-09,54.87860122,5.70E-09,1.15E-08,21.06803269,21.67187931
2.76E-09,34.1692935,6.80E-09,2.26E-09,21.11641357,21.76311268
5.20E-10,26.11612088,1.20E-08,7.58E-09,21.1208761,21.77439081
4.78E-09,50.37882762,4.21E-09,1.09E-09,21.24280093,21.78528061
2.12E-10,35.06525182,7.62E-09,0.000913059,21.29190017,21.9005586
2.60E-09,377.7955551,2.28E-09,1.14E-08,21.51040722,22.34427245
9.04E-09,74.59836429,1.93E-08,0.001829177,21.73900342,22.74234548
1.43E-08,22.76352058,3.32E-10,0.003110827,22.10957884,23.60406847
1.60E-08,622.9986096,0.001892678,1.37E-08,22.58419694,24.66352612
2.15E-08,157.80655,1.32E-10,0.006256023,23.28422129,25.93000703
5.34E-08,1570.233423,4.91E-09,7.99E-10,24.589496,27.2245115
4.74E-08,81.74005252,5.28E-09,0.008091124,25.02335258,28.1670736
1.92E-08,3055.667621,0.000899531,1.28E-08,25.51725489,28.51815527
6.24E-08,3236.891197,1.33E-08,6.65E-09,27.37529837,28.53081149
6.26E-08,285.5666692,5.47E-09,0.009421814,27.35718514,29.21558718
1.00E-09,1794.734439,6.08E-10,0.015100286,28.18093501,30.66329854
1.68E-08,4579.913961,0.002757458,1.57E-09,28.58906408,32.14493344
9.25E-08,1460.765821,0.002736062,1.43E-08,30.01050923,33.53145907
2.92E-09,328.7563756,1.07E-08,0.021028044,32.22714741,34.13837286
0,0,0,3.035696458,NaN,18.10704873
8.78E-08,2699.228894,2.13E-09,1.317657892,18.40864345,18.40846378
2.95E-08,0.741686776,0.021060421,0.011039043,18.7909467,18.80590429
0,0,0,2.95074665,NaN,15.20981164
8.36E-11,52.50080912,5.01E-06,0.001696728,15.22567709,15.22595152
-1.18E-08,-120.5237854,-0.007434983,1.27E-06,15.08150428,15.03972661
-8.59E-08,-352.3177749,-0.007951484,0.001656889,14.78456289,14.6937609
-3.77E-08,-719.1919033,-0.011864364,0.003069323,14.69296385,14.74629109
-2.36E-09,-381.9365967,-0.007899747,1.40E-08,14.7636536,14.85077195
-7.56E-09,-419.6264981,-0.01141951,0.001484394,14.6042439,14.60360887
-3.54E-09,-356.5760322,-0.015002117,0.000870821,14.38822832,14.21869253
-3.54E-08,-1182.993575,-0.006520209,0.000792149,14.19448896,14.07155593
-7.92E-08,-337.702401,-0.007114278,0.004472703,14.1096357,14.19092212
-7.01E-09,-659.8614913,-0.006670256,7.05E-10,14.25401463,14.65762611
-1.33E-08,-358.0518343,-0.002421549,8.76E-09,14.43451306,14.98867822
-1.50E-08,-169.3266813,-0.004041709,0.001126971,14.43070069,14.80830464
-1.68E-09,-43.26472202,-0.004075159,6.29E-09,14.49918175,14.77869151
-3.12E-09,-102.8453046,-0.000620817,4.77E-09,14.65746649,15.1385919
-2.68E-09,-53.8050662,-0.000426811,0.000372484,14.72648607,15.15367446
-1.31E-08,-19.80709583,-0.002743048,0.004514152,14.75597527,14.8565089
-2.43E-08,-585.5483918,-0.004089523,0.009954005,14.76289435,14.65586462
-1.58E-08,-382.7510715,-0.003183644,0.0069726,14.74395565,14.75311219
-1.79E-09,-28.37798232,-0.000311677,0.00099229,14.80592974,15.16209087
1.27E-09,17.41333559,6.37E-09,0.000962923,14.91655349,15.41161569
2.49E-10,0.000698731,1.95E-05,0.002050028,15.02030967,15.46568154
1.55E-09,316.573618,0.000771748,0.000124367,15.12964187,15.59280931
1.01E-08,569.9217557,1.48E-08,6.87E-09,15.36456045,15.98338222
2.60E-08,749.8456388,2.64E-10,1.13E-08,15.79732205,16.22330229
3.04E-08,264.8950618,4.99E-10,3.72E-09,15.70777764,16.3966976
1.99E-08,943.79209,9.18E-09,4.45E-09,15.97124628,16.39432951
1.73E-08,705.4368165,0.000292181,1.65E-08,15.89162766,16.14354363
8.10E-10,548.581176,8.41E-08,0.004087014,15.95859087,15.96239057
6.77E-10,450.7963628,4.95E-09,0.004835574,16.06460752,16.23879723
1.77E-11,223.0283167,8.93E-09,0.006350124,16.22103963,16.66901257
6.85E-09,1189.80938,0.001081605,3.13E-09,16.36741639,17.10710649
2.76E-08,329.5799873,1.07E-08,0.002492535,16.56278154,17.28810766
2.58E-08,277.5930728,9.75E-09,0.003854121,16.81273259,17.90444965
5.85E-09,1179.692615,0.003856775,7.51E-09,17.09067326,18.7915575
4.23E-08,1436.817144,4.00E-09,2.66E-08,17.89918512,19.18748521
4.15E-08,2456.160801,9.87E-10,1.39E-08,18.76522296,19.6980557
5.29E-09,5.32E-05,7.39E-06,0.01217956,18.70184898,21.12260067
2.55E-08,478.8812888,1.02E-08,0.009429969,19.19056869,22.3018098
3.78E-08,2568.267246,1.06E-06,3.19E-06,19.60059799,22.66848554
4.81E-08,733.1262177,1.45E-08,0.007578732,20.40942069,23.20837269
3.07E-08,2601.890438,0.004106467,5.41E-09,20.79631785,24.12030674
3.47E-08,4750.860107,7.99E-07,1.37E-09,21.89693121,24.65171708
4.34E-08,2227.260252,0.005960234,1.28E-08,22.18643874,25.09509743
5.74E-08,4782.902531,1.12E-08,1.54E-09,23.86657495,26.09554288
2.98E-08,1937.064406,6.47E-09,0.012834921,24.35884539,27.47865256
3.45E-08,124.7568371,1.29E-08,0.01557566,25.97013314,28.03497415
1.46E-08,4972.627226,0.007388204,2.54E-09,25.06310077,27.98587141
9.18E-08,5617.926026,9.86E-09,9.96E-09,29.02554833,27.78042031
2.78E-08,20.47581056,2.43E-09,0.016549078,28.36404534,28.07690091
2.32E-08,138.2208882,7.79E-10,0.016796795,29.04637191,28.85708413
0,0,0,3.036162024,NaN,18.12514164
3.40E-09,4291.676057,0.015046113,0.011964655,18.60805467,18.60812159
1.89E-07,2810.753466,0.001547511,0.00098627,19.10887605,19.10884226
0,0,0,2.949430006,NaN,15.17052521
2.95E-08,851.4389109,7.83E-05,7.49E-05,15.24834987,15.24822495
1.98E-10,2.983054958,2.89E-05,8.25E-05,15.19777388,15.17154623
-4.34E-08,-1138.115466,-0.000906515,0.003212315,14.99022913,14.90018298
-2.90E-08,-1579.891561,-0.00407241,0.004157253,14.84877446,14.80980481
4.63E-10,39.80124245,1.01E-08,1.92E-09,15.10737434,15.30789784
1.90E-08,147.0444422,1.10E-08,0.004674903,15.41684727,15.86797642
3.42E-08,3077.707384,1.15E-08,6.87E-08,15.99822675,16.43209327
4.58E-09,40.2003404,8.46E-09,0.022003576,16.34793259,16.69229173
7.74E-08,2405.232705,1.12E-08,1.00E-10,16.59756597,16.43904033
1.79E-08,1025.852705,1.73E-05,0.010686658,16.44171399,15.94126354
4.02E-08,1307.32163,0.000511269,0.001624207,16.39266211,15.91989959
1.54E-10,1110.010187,0.004493126,0.00347424,16.36951689,15.97043293
2.94E-08,300.5237396,0.00509976,0.000886333,16.3869111,16.09848064
1.25E-09,21.95775002,0.009442253,0.002376831,16.44250789,16.29303837
4.84E-08,578.0721978,0.000451272,0.001014066,16.65015229,16.96550277
1.11E-08,26.47792541,0.003333583,0.008540007,16.89382044,17.28481321
3.93E-08,2259.177182,6.59E-09,2.77E-09,17.35022959,17.31637379
4.20E-08,2119.798297,1.99E-09,2.92E-08,17.49279349,17.32013014
1.54E-08,1812.220274,0.003192149,1.10E-05,17.39614898,17.55530258
5.00E-09,1909.476119,0.004818165,8.17E-09,17.56983133,17.73290314
3.46E-09,195.1093651,0.000101148,0.012519599,17.77229008,17.68173517
2.71E-08,1776.463737,0.001393093,6.77E-06,17.83673184,17.75927598
3.97E-09,1243.508916,0.008235778,7.39E-05,17.98562552,17.97987684
3.89E-08,2573.270382,3.39E-07,4.42E-09,18.61764219,18.33031431
3.30E-08,161.4225758,9.30E-05,0.008388794,18.39072066,18.46186021
1.86E-09,442.2354208,0.000391243,0.011447078,18.54929455,18.43039131
1.99E-08,441.1485304,0.001157158,0.008143253,18.65547311,18.47748769
2.46E-08,0.986795885,0.005226231,0.005788594,18.79134917,18.6839132
3.64E-08,2619.782358,9.45E-09,3.83E-09,19.42562377,18.91681632
3.61E-09,44.47650044,0.006468193,0.007716172,19.16202981,19.32580283
8.30E-10,951.4112197,0.01082644,8.25E-05,19.29710567,19.5370687
1.86E-09,1.220669141,0.004057859,0.010029234,19.59737958,19.66028892
3.18E-09,126.6009888,0.001452581,0.011386136,19.82662698,19.90851625
3.26E-09,2979.347379,0.001453497,2.08E-09,19.81835473,20.23494156
3.18E-08,3077.198133,3.04E-09,1.20E-08,20.71480476,20.69475896
4.31E-08,3268.893194,1.37E-08,1.13E-08,21.46791815,21.22235729
4.91E-09,3938.435001,7.93E-09,1.01E-08,20.79386562,21.92411164
6.35E-08,346.9431379,5.45E-10,0.004243352,21.25757842,22.18008374
0,0,0,3.112161582,NaN,21.4861028
4.39E-09,76.06430952,8.69E-05,0.000544901,21.50482358,21.50427464
-5.32E-08,-493.0926695,-0.00708232,0.004714501,21.23634431,21.1780777
-3.04E-08,-117.7193019,-0.013954239,5.12E-05,20.94733494,20.88663891
-1.07E-08,-174.6750827,-0.005169078,1.28E-07,21.08142009,21.20803645
8.31E-10,150.6165682,4.06E-09,7.82E-09,21.33174483,21.56342497
1.28E-09,47.93181188,0.000137826,0.000112236,21.35802814,21.51077402
-3.31E-10,-2.556914473,-0.000604708,0.001871725,21.39094661,21.42496113
3.67E-09,85.81768299,3.11E-05,0.000945513,21.45878833,21.54767176
4.52E-09,56.3162984,0.000589319,0.002301021,21.61178741,21.85091749
1.43E-08,663.3429796,1.58E-09,6.47E-09,21.81657598,22.05625069
3.29E-08,725.3330789,2.16E-09,3.84E-09,22.14327235,22.30732321
8.09E-09,1016.355763,0.001067257,9.56E-09,22.15094374,22.36180739
2.63E-08,68.88982641,4.94E-09,0.00406331,22.34051335,22.57844932
2.82E-08,1013.590463,0.000128323,2.60E-08,22.62277372,23.1730631
3.95E-08,2027.68062,1.14E-08,1.56E-08,23.4307465,23.65028293
1.16E-08,224.221165,5.29E-09,0.010262706,23.35657184,23.97386431
1.29E-08,190.1502007,8.92E-09,0.011053948,23.67954025,24.10419295
8.33E-09,1089.792113,4.75E-09,0.008583382,23.9637338,24.48390715
5.99E-08,2205.374602,9.92E-09,1.38E-08,24.93414056,24.73368853
1.81E-08,1786.147019,0.004422145,5.05E-09,24.54199295,24.89675673
2.95E-08,348.1503427,1.35E-09,0.009847775,24.9302549,25.18684035
6.50E-08,149.9011105,1.02E-08,0.005434247,25.27339605,25.7449201
1.36E-08,1179.17871,1.17E-08,0.010127474,25.65436413,26.36589834
2.12E-09,1535.946022,1.42E-08,0.010968374,26.00923199,26.51038598
7.86E-09,2792.289868,0.004287931,4.91E-09,26.26870145,26.73989673
1.42E-08,446.9762641,1.49E-08,0.01329768,26.81685825,26.86514221
4.66E-08,1851.13743,0.002210251,1.18E-08,27.00864,27.4521915
6.71E-08,2582.197234,7.03E-09,9.98E-09,28.32622707,28.05254276
4.58E-08,3642.378572,9.52E-09,3.79E-09,28.65628016,28.47350772
