Cycle1,,,,,Cycle2,,,,,Cycle3,,,,,Cycle4,,,,,Cycle5,,,,,Cycle6,,,,,Cycle7,,,,,Cycle8,,,,,Cycle9,,,,,Cycle10,,,,,Cycle11,,,,,Cycle12,,,,,Cycle13,,,,,Cycle14,,,,,Cycle15,,,,,Cycle16,,,,,Cycle17,,,,,Cycle18,,,,,Cycle19,,,,,Cycle20,,,,,Cycle21,,,,,Cycle22,,,,,Cycle23,,,,,Cycle24,,,,,Cycle25,,,,,Cycle26,,,,,Cycle27,,,,,Cycle28,,,,,Cycle29,,,,,Cycle30,,,,,Cycle31,,,,,Cycle32,,,,,Cycle33,,,,,Cycle34,,,,,Cycle35,,,,,Cycle36,,,,,Cycle37,,,,,Cycle38,,,,,Cycle39,,,,,Cycle40,,,,
idx,TMP,del_TMP,del_TMP_accu,slope,idx,TMP,del_TMP,del_TMP_accu,slope,idx,TMP,del_TMP,del_TMP_accu,slope,idx,TMP,del_TMP,del_TMP_accu,slope,idx,TMP,del_TMP,del_TMP_accu,slope,idx,TMP,del_TMP,del_TMP_accu,slope,idx,TMP,del_TMP,del_TMP_accu,slope,idx,TMP,del_TMP,del_TMP_accu,slope,idx,TMP,del_TMP,del_TMP_accu,slope,idx,TMP,del_TMP,del_TMP_accu,slope,idx,TMP,del_TMP,del_TMP_accu,slope,idx,TMP,del_TMP,del_TMP_accu,slope,idx,TMP,del_TMP,del_TMP_accu,slope,idx,TMP,del_TMP,del_TMP_accu,slope,idx,TMP,del_TMP,del_TMP_accu,slope,idx,TMP,del_TMP,del_TMP_accu,slope,idx,TMP,del_TMP,del_TMP_accu,slope,idx,TMP,del_TMP,del_TMP_accu,slope,idx,TMP,del_TMP,del_TMP_accu,slope,idx,TMP,del_TMP,del_TMP_accu,slope,idx,TMP,del_TMP,del_TMP_accu,slope,idx,TMP,del_TMP,del_TMP_accu,slope,idx,TMP,del_TMP,del_TMP_accu,slope,idx,TMP,del_TMP,del_TMP_accu,slope,idx,TMP,del_TMP,del_TMP_accu,slope,idx,TMP,del_TMP,del_TMP_accu,slope,idx,TMP,del_TMP,del_TMP_accu,slope,idx,TMP,del_TMP,del_TMP_accu,slope,idx,TMP,del_TMP,del_TMP_accu,slope,idx,TMP,del_TMP,del_TMP_accu,slope,idx,TMP,del_TMP,del_TMP_accu,slope,idx,TMP,del_TMP,del_TMP_accu,slope,idx,TMP,del_TMP,del_TMP_accu,slope,idx,TMP,del_TMP,del_TMP_accu,slope,idx,TMP,del_TMP,del_TMP_accu,slope,idx,TMP,del_TMP,del_TMP_accu,slope,idx,TMP,del_TMP,del_TMP_accu,slope,idx,TMP,del_TMP,del_TMP_accu,slope,idx,TMP,del_TMP,del_TMP_accu,slope,idx,TMP,del_TMP,del_TMP_accu,slope
1,25.3,0.00,0.00,0.00,1,13.19722401,0.00,0.00,0.00,1,6.955639559,0.00,0.00,0.00,1,10.27211285,0.00,0.00,0.00,1,11.08467291,0.00,0.00,0.00,1,15.22062566,0.00,0.00,0.00,1,15.85185737,0.00,0.00,0.00,1,27.96528414,0.00,0.00,0.00,1,55.4376267,0.00,0.00,0.00,1,59.48147504,0.00,0.00,0.00,1,43.51560176,0.00,0.00,0.00,1,46.50434233,0.00,0.00,0.00,1,23.27084355,0.00,0.00,0.00,1,21.70738064,0.00,0.00,0.00,1,21.05391455,0.00,0.00,0.00,1,22.63237631,0.00,0.00,0.00,1,24.94169791,0.00,0.00,0.00,1,27.30803344,0.00,0.00,0.00,1,34.71510434,0.00,0.00,0.00,1,33.99446643,0.00,0.00,0.00,1,38.19242397,0.00,0.00,0.00,1,40.77834817,0.00,0.00,0.00,1,41.89364041,0.00,0.00,0.00,1,42.9291155,0.00,0.00,0.00,1,40.17653027,0.00,0.00,0.00,1,42.09250922,0.00,0.00,0.00,1,38.83929248,0.00,0.00,0.00,1,7.71450649,0.00,0.00,0.00,1,13.02357736,0.00,0.00,0.00,1,15.95203389,0.00,0.00,0.00,1,24.88316254,0.00,0.00,0.00,1,20.9112903,0.00,0.00,0.00,1,19.27365013,0.00,0.00,0.00,1,20.84657227,0.00,0.00,0.00,1,21.61172674,0.00,0.00,0.00,1,18.10704873,0.00,0.00,0.00,1,15.20981164,0.00,0.00,0.00,1,18.12514164,0.00,0.00,0.00,1,15.17052521,0.00,0.00,0.00,1,21.4861028,0.00,0.00,0.00
2,25.5,0.11,0.11,0.05,2,13.22498863,0.03,-12.12,-6.06,2,6.900917108,-0.05,-18.44,-9.22,2,9.597032874,-0.68,-15.75,-7.87,2,11.29485826,0.21,-14.05,-7.02,2,15.50010959,0.28,-9.84,-4.92,2,15.63212135,-0.22,-9.71,-4.86,2,28.23521411,0.27,2.89,1.45,2,55.69574555,0.26,30.35,15.18,2,60.36364916,0.88,35.02,17.51,2,42.07128833,-1.44,16.73,8.36,2,46.58722841,0.08,21.24,10.62,2,23.97130825,0.70,-1.37,-0.69,2,22.62508268,0.92,-2.72,-1.36,2,21.17069573,0.12,-4.17,-2.09,2,23.26293775,0.63,-2.08,-1.04,2,25.62318763,0.68,0.28,0.14,2,27.75159708,0.44,2.41,1.20,2,34.50452996,-0.21,9.16,4.58,2,34.77741443,0.78,9.43,4.72,2,39.70695423,1.51,14.36,7.18,2,40.82747169,0.05,15.48,7.74,2,42.88571423,0.99,17.54,8.77,2,43.20666744,0.28,17.86,8.93,2,40.36370441,0.19,15.02,7.51,2,42.58311326,0.49,17.24,8.62,2,39.09234401,0.25,13.75,6.87,2,7.743265765,0.03,-17.60,-8.80,2,13.25896343,0.24,-12.08,-6.04,2,16.65786305,0.71,-8.69,-4.34,2,24.90516635,0.02,-0.44,-0.22,2,21.11924746,0.21,-4.22,-2.11,2,19.15992041,-0.11,-6.18,-3.09,2,21.20681025,0.36,-4.14,-2.07,2,21.00842651,-0.60,-4.34,-2.17,2,18.40846378,0.30,-6.94,-3.47,2,15.22595152,0.02,-10.12,-5.06,2,18.60812159,0.48,-6.74,-3.37,2,15.24822495,0.08,-10.10,-5.05,2,21.50427464,0.02,-3.84,-1.92
3,26.2,0.74,0.85,0.28,3,13.74172755,0.52,-11.60,-3.87,3,6.838666551,-0.06,-18.51,-6.17,3,9.122273022,-0.47,-16.22,-5.41,3,11.51935514,0.22,-13.82,-4.61,3,15.77274095,0.27,-9.57,-3.19,3,15.86831465,0.24,-9.48,-3.16,3,28.97397033,0.74,3.63,1.21,3,55.85290577,0.16,30.51,10.17,3,61.01364043,0.65,35.67,11.89,3,42.4799466,0.41,17.14,5.71,3,47.08234796,0.50,21.74,7.25,3,24.29243679,0.32,-1.05,-0.35,3,23.61840832,0.99,-1.73,-0.58,3,21.36168785,0.19,-3.98,-1.33,3,24.3264503,1.06,-1.02,-0.34,3,26.49416953,0.87,1.15,0.38,3,28.19561432,0.44,2.85,0.95,3,34.83788662,0.33,9.49,3.16,3,35.98272326,1.21,10.64,3.55,3,41.85158594,2.14,16.51,5.50,3,41.11646708,0.29,15.77,5.26,3,44.02602674,1.14,18.68,6.23,3,45.21857317,2.01,19.87,6.62,3,41.40014276,1.04,16.06,5.35,3,43.60841186,1.03,18.26,6.09,3,39.27320983,0.18,13.93,4.64,3,7.873815948,0.13,-17.47,-5.82,3,13.42349086,0.16,-11.92,-3.97,3,16.86063947,0.20,-8.48,-2.83,3,25.6322751,0.73,0.29,0.10,3,21.05025631,-0.07,-4.29,-1.43,3,19.14619908,-0.01,-6.20,-2.07,3,22.04603056,0.84,-3.30,-1.10,3,21.00170813,-0.01,-4.34,-1.45,3,18.80590429,0.40,-6.54,-2.18,3,15.03972661,-0.19,-10.30,-3.43,3,19.10884226,0.50,-6.23,-2.08,3,15.17154623,-0.08,-10.17,-3.39,3,21.1780777,-0.33,-4.17,-1.39
4,26.9,0.69,1.53,0.38,4,14.36752253,0.63,-10.98,-2.74,4,7.014736911,0.18,-18.33,-4.58,4,9.037874441,-0.08,-16.31,-4.08,4,11.53952101,0.02,-13.80,-3.45,4,15.73967325,-0.03,-9.60,-2.40,4,16.00675304,0.14,-9.34,-2.33,4,30.63360629,1.66,5.29,1.32,4,55.90150143,0.05,30.56,7.64,4,61.40845613,0.39,36.06,9.02,4,44.64421888,2.16,19.30,4.83,4,48.11086066,1.03,22.77,5.69,4,24.33592041,0.04,-1.01,-0.25,4,23.77303723,0.15,-1.57,-0.39,4,21.57554705,0.21,-3.77,-0.94,4,25.01147577,0.69,-0.33,-0.08,4,26.96524165,0.47,1.62,0.41,4,28.88669955,0.69,3.54,0.89,4,35.18193509,0.34,9.84,2.46,4,37.41132268,1.43,12.07,3.02,4,43.69014175,1.84,18.35,4.59,,,,,,4,45.35650598,1.33,20.01,5.00,4,45.35008856,0.13,20.01,5.00,4,42.94477614,1.54,17.60,4.40,4,44.81531702,1.21,19.47,4.87,4,39.54207832,0.27,14.20,3.55,4,7.461021686,-0.41,-17.88,-4.47,4,13.00699477,-0.42,-12.34,-3.08,4,16.67190324,-0.19,-8.67,-2.17,4,26.32594064,0.69,0.98,0.25,4,20.77851766,-0.27,-4.57,-1.14,4,19.34428553,0.20,-6.00,-1.50,4,22.96679047,0.92,-2.38,-0.59,4,21.3738738,0.37,-3.97,-0.99,,,,,,4,14.6937609,-0.35,-10.65,-2.66,,,,,,4,14.90018298,-0.27,-10.44,-2.61,4,20.88663891,-0.29,-4.46,-1.11
5,27.5,0.60,2.13,0.43,5,14.2307838,-0.14,-11.11,-2.22,5,7.091058711,0.08,-18.25,-3.65,5,9.767243562,0.73,-15.58,-3.12,5,11.43989389,-0.10,-13.90,-2.78,5,16.15880202,0.42,-9.18,-1.84,5,16.05360134,0.05,-9.29,-1.86,5,32.95636921,2.32,7.61,1.52,5,55.03443566,-0.87,29.69,5.94,5,61.58720263,0.18,36.24,7.25,5,46.19248228,1.55,20.85,4.17,5,49.24278411,1.13,23.90,4.78,5,24.25913365,-0.08,-1.08,-0.22,5,23.40236264,-0.37,-1.94,-0.39,5,21.74873266,0.17,-3.60,-0.72,5,24.86681807,-0.14,-0.48,-0.10,5,27.6618888,0.70,2.32,0.46,5,30.04631618,1.16,4.70,0.94,,,,,,5,38.57732914,1.17,13.23,2.65,5,45.17320348,1.48,19.83,3.97,,,,,,5,46.95417901,1.60,21.61,4.32,,,,,,5,43.73981291,0.80,18.40,3.68,5,46.53697714,1.72,21.19,4.24,5,41.85468935,2.31,16.51,3.30,5,7.200863931,-0.26,-18.14,-3.63,5,12.92397342,-0.08,-12.42,-2.48,5,16.92396453,0.25,-8.42,-1.68,,,,,,5,20.27714629,-0.50,-5.07,-1.01,5,19.45537855,0.11,-5.89,-1.18,5,23.1576667,0.19,-2.19,-0.44,5,21.90880984,0.53,-3.43,-0.69,,,,,,5,14.74629109,0.05,-10.60,-2.12,,,,,,5,14.80980481,-0.09,-10.53,-2.11,5,21.20803645,0.32,-4.14,-0.83
6,27.1,-0.36,1.77,0.30,6,14.18940064,-0.04,-11.15,-1.86,6,6.954335239,-0.14,-18.39,-3.06,6,10.18234486,0.42,-15.16,-2.53,6,11.29820296,-0.14,-14.05,-2.34,6,16.86738009,0.71,-8.48,-1.41,6,16.23106495,0.18,-9.11,-1.52,6,35.27923244,2.32,9.94,1.66,6,53.34142888,-1.69,28.00,4.67,,,,,,6,47.17414789,0.98,21.83,3.64,6,50.40090959,1.16,25.06,4.18,6,24.43411242,0.17,-0.91,-0.15,6,23.3347594,-0.07,-2.01,-0.33,6,22.34632785,0.60,-3.00,-0.50,6,24.7511121,-0.12,-0.59,-0.10,6,27.97687904,0.31,2.63,0.44,6,31.10833044,1.06,5.76,0.96,,,,,,6,39.37174675,0.79,14.03,2.34,6,46.12780753,0.95,20.78,3.46,,,,,,6,48.10957113,1.16,22.77,3.79,,,,,,6,44.41082277,0.67,19.07,3.18,6,48.31907054,1.78,22.98,3.83,6,43.22603478,1.37,17.88,2.98,6,7.307533959,0.11,-18.04,-3.01,6,13.21905264,0.30,-12.12,-2.02,6,17.16566451,0.24,-8.18,-1.36,,,,,,6,20.14884694,-0.13,-5.19,-0.87,6,20.07036752,0.61,-5.27,-0.88,6,22.97000765,-0.19,-2.37,-0.40,6,21.95562903,0.05,-3.39,-0.56,,,,,,6,14.85077195,0.10,-10.49,-1.75,,,,,,6,15.30789784,0.50,-10.04,-1.67,6,21.56342497,0.36,-3.78,-0.63
7,26.2,-0.87,0.90,0.13,7,14.48392444,0.29,-10.86,-1.55,7,7.115212393,0.16,-18.23,-2.60,7,10.43132501,0.25,-14.91,-2.13,7,11.46351135,0.17,-13.88,-1.98,7,17.36155731,0.49,-7.98,-1.14,7,16.68424601,0.45,-8.66,-1.24,7,36.83357479,1.55,11.49,1.64,7,53.14218732,-0.20,27.80,3.97,,,,,,7,47.38062585,0.21,22.04,3.15,7,50.94158788,0.54,25.60,3.66,7,24.66586693,0.23,-0.68,-0.10,7,23.75536733,0.42,-1.59,-0.23,7,22.97142259,0.63,-2.37,-0.34,7,25.03931903,0.29,-0.30,-0.04,7,28.21630732,0.24,2.87,0.41,7,32.19935727,1.09,6.86,0.98,,,,,,7,39.88330858,0.51,14.54,2.08,7,46.58256628,0.45,21.24,3.03,,,,,,7,49.11304324,1.00,23.77,3.40,,,,,,,,,,,7,49.3723221,1.05,24.03,3.43,7,43.34869457,0.12,18.00,2.57,7,7.276386298,-0.03,-18.07,-2.58,7,12.93366222,-0.29,-12.41,-1.77,7,17.07598484,-0.09,-8.27,-1.18,,,,,,7,20.32923719,0.18,-5.01,-0.72,7,20.93651983,0.87,-4.41,-0.63,7,22.7689954,-0.20,-2.57,-0.37,7,21.50463957,-0.45,-3.84,-0.55,,,,,,7,14.60360887,-0.25,-10.74,-1.53,,,,,,7,15.86797642,0.56,-9.48,-1.35,7,21.51077402,-0.05,-3.83,-0.55
8,26.2,-0.05,0.85,0.11,8,14.58783034,0.10,-10.76,-1.34,8,7.559760459,0.44,-17.78,-2.22,8,10.7075819,0.28,-14.64,-1.83,8,11.90966692,0.45,-13.43,-1.68,8,17.43089022,0.07,-7.91,-0.99,8,17.12129305,0.44,-8.22,-1.03,8,37.9143944,1.08,12.57,1.57,8,53.45157574,0.31,28.11,3.51,,,,,,8,47.28490303,-0.10,21.94,2.74,8,51.26736894,0.33,25.92,3.24,8,24.87637845,0.21,-0.47,-0.06,8,23.83126036,0.08,-1.51,-0.19,8,23.21938022,0.25,-2.12,-0.27,8,25.28382588,0.24,-0.06,-0.01,8,28.39512838,0.18,3.05,0.38,8,32.9339709,0.73,7.59,0.95,,,,,,8,40.90954769,1.03,15.57,1.95,8,46.50189661,-0.08,21.16,2.64,,,,,,8,49.45487017,0.34,24.11,3.01,,,,,,,,,,,8,50.05430826,0.68,24.71,3.09,,,,,,8,7.015706044,-0.26,-18.33,-2.29,8,12.66250471,-0.27,-12.68,-1.59,8,16.70166991,-0.37,-8.64,-1.08,,,,,,8,20.81090362,0.48,-4.53,-0.57,8,21.60150012,0.66,-3.74,-0.47,8,22.97161355,0.20,-2.37,-0.30,8,20.93043484,-0.57,-4.41,-0.55,,,,,,8,14.21869253,-0.38,-11.13,-1.39,,,,,,8,16.43209327,0.56,-8.91,-1.11,8,21.42496113,-0.09,-3.92,-0.49
9,26.9,0.74,1.59,0.18,9,14.47653437,-0.11,-10.87,-1.21,9,7.678204737,0.12,-17.67,-1.96,9,10.79668292,0.09,-14.55,-1.62,9,12.29719176,0.39,-13.05,-1.45,9,17.76966779,0.34,-7.57,-0.84,9,17.03696406,-0.08,-8.31,-0.92,9,39.43602673,1.52,14.09,1.57,9,53.8458839,0.39,28.50,3.17,,,,,,9,48.06646494,0.78,22.72,2.52,9,51.3150467,0.05,25.97,2.89,9,24.99003089,0.11,-0.35,-0.04,9,23.53743797,-0.29,-1.81,-0.20,9,23.23988414,0.02,-2.10,-0.23,9,25.45929128,0.18,0.12,0.01,9,29.19026736,0.80,3.85,0.43,9,33.26254396,0.33,7.92,0.88,,,,,,9,42.09399909,1.18,16.75,1.86,9,47.10169807,0.60,21.76,2.42,,,,,,,,,,,,,,,,,,,,,9,50.12617252,0.07,24.78,2.75,,,,,,9,7.075403864,0.06,-18.27,-2.03,9,12.96975623,0.31,-12.37,-1.37,9,16.52756427,-0.17,-8.82,-0.98,,,,,,9,21.08229909,0.27,-4.26,-0.47,9,21.32507474,-0.28,-4.02,-0.45,9,23.77680461,0.81,-1.57,-0.17,9,20.50704902,-0.42,-4.84,-0.54,,,,,,9,14.07155593,-0.15,-11.27,-1.25,,,,,,9,16.69229173,0.26,-8.65,-0.96,9,21.54767176,0.12,-3.80,-0.42
10,27.2,0.22,1.81,0.18,10,14.45363654,-0.02,-10.89,-1.09,10,7.654944162,-0.02,-17.69,-1.77,10,10.50552035,-0.29,-14.84,-1.48,10,12.15129867,-0.15,-13.19,-1.32,10,18.0373853,0.27,-7.31,-0.73,10,16.64558516,-0.39,-8.70,-0.87,10,40.7867155,1.35,15.44,1.54,10,54.3451255,0.50,29.00,2.90,,,,,,10,49.22016073,1.15,23.88,2.39,10,51.4717487,0.16,26.13,2.61,10,25.14814865,0.16,-0.20,-0.02,10,23.413961,-0.12,-1.93,-0.19,10,23.60181624,0.36,-1.74,-0.17,10,25.9680008,0.51,0.62,0.06,10,30.11646864,0.93,4.77,0.48,10,33.87833685,0.62,8.53,0.85,,,,,,10,42.80049838,0.71,17.46,1.75,10,46.64676156,-0.45,21.30,2.13,,,,,,,,,,,,,,,,,,,,,,,,,,,,,,,10,7.508480274,0.43,-17.84,-1.78,10,13.08561604,0.12,-12.26,-1.23,10,16.46262546,-0.06,-8.88,-0.89,,,,,,10,21.08485831,0.00,-4.26,-0.43,10,20.88385875,-0.44,-4.46,-0.45,10,24.57741015,0.80,-0.77,-0.08,10,20.31346238,-0.19,-5.03,-0.50,,,,,,10,14.19092212,0.12,-11.15,-1.12,,,,,,10,16.43904033,-0.25,-8.90,-0.89,10,21.85091749,0.30,-3.49,-0.35
11,26.7,-0.50,1.31,0.12,11,14.08485254,-0.37,-11.26,-1.02,11,7.719379164,0.06,-17.62,-1.60,11,10.26436,-0.24,-15.08,-1.37,11,11.84702188,-0.30,-13.50,-1.23,11,17.99949018,-0.04,-7.34,-0.67,11,16.62487694,-0.02,-8.72,-0.79,11,41.85158457,1.06,16.51,1.50,11,56.04745187,1.70,30.70,2.79,,,,,,11,51.03062183,1.81,25.69,2.34,11,51.87162953,0.40,26.53,2.41,11,25.84462863,0.70,0.50,0.05,11,23.94202181,0.53,-1.40,-0.13,11,24.3081856,0.71,-1.04,-0.09,11,26.26997284,0.30,0.93,0.08,11,30.17757213,0.06,4.83,0.44,11,34.82657779,0.95,9.48,0.86,,,,,,11,43.12931904,0.33,17.79,1.62,,,,,,,,,,,,,,,,,,,,,,,,,,,,,,,,,,,,11,7.73935269,0.23,-17.60,-1.60,11,13.12946273,0.04,-12.21,-1.11,11,16.72327914,0.26,-8.62,-0.78,,,,,,11,21.0767979,-0.01,-4.27,-0.39,11,21.09169944,0.21,-4.25,-0.39,11,24.75807558,0.18,-0.59,-0.05,11,20.13624067,-0.18,-5.21,-0.47,,,,,,11,14.65762611,0.47,-10.69,-0.97,,,,,,11,15.94126354,-0.50,-9.40,-0.85,11,22.05625069,0.21,-3.29,-0.30
12,26.2,-0.51,0.81,0.07,12,13.66971236,-0.42,-11.67,-0.97,12,7.7525397,0.03,-17.59,-1.47,12,10.3841092,0.12,-14.96,-1.25,12,11.32124456,-0.53,-14.02,-1.17,12,18.25363632,0.25,-7.09,-0.59,12,17.20803643,0.58,-8.14,-0.68,12,42.37010936,0.52,17.03,1.42,12,57.30510885,1.26,31.96,2.66,,,,,,12,53.04573494,2.02,27.70,2.31,12,52.47000405,0.60,27.13,2.26,12,27.03577749,1.19,1.69,0.14,12,24.39041617,0.45,-0.95,-0.08,12,24.97280575,0.66,-0.37,-0.03,12,26.44197548,0.17,1.10,0.09,,,,,,12,35.54750911,0.72,10.20,0.85,,,,,,,,,,,,,,,,,,,,,,,,,,,,,,,,,,,,,,,,,,,,,,12,7.688221979,-0.05,-17.66,-1.47,12,13.32001597,0.19,-12.02,-1.00,12,16.96129945,0.24,-8.38,-0.70,,,,,,12,21.02339847,-0.05,-4.32,-0.36,12,21.39413861,0.30,-3.95,-0.33,12,24.90975579,0.15,-0.43,-0.04,12,20.14532535,0.01,-5.20,-0.43,,,,,,12,14.98867822,0.33,-10.36,-0.86,,,,,,12,15.91989959,-0.02,-9.42,-0.79,12,22.30732321,0.25,-3.04,-0.25
13,26.0,-0.14,0.67,0.05,13,13.41572629,-0.25,-11.93,-0.92,13,8.170990336,0.42,-17.17,-1.32,13,10.78452565,0.40,-14.56,-1.12,13,11.04025158,-0.28,-14.30,-1.10,13,19.19031578,0.94,-6.15,-0.47,13,17.63099742,0.42,-7.71,-0.59,13,42.89262017,0.52,17.55,1.35,13,58.45378392,1.15,33.11,2.55,,,,,,13,54.82765069,1.78,29.48,2.27,13,53.16045786,0.69,27.82,2.14,13,27.99740368,0.96,2.65,0.20,13,24.43849115,0.05,-0.91,-0.07,13,25.15546671,0.18,-0.19,-0.01,13,26.78167465,0.34,1.44,0.11,,,,,,13,36.02677601,0.48,10.68,0.82,,,,,,,,,,,,,,,,,,,,,,,,,,,,,,,,,,,,,,,,,,,,,,13,7.317694607,-0.37,-18.03,-1.39,13,13.35454609,0.03,-11.99,-0.92,13,17.11544888,0.15,-8.23,-0.63,,,,,,13,21.16624113,0.14,-4.18,-0.32,13,21.15899801,-0.24,-4.18,-0.32,13,25.2903747,0.38,-0.05,0.00,13,20.2325625,0.09,-5.11,-0.39,,,,,,13,14.80830464,-0.18,-10.54,-0.81,,,,,,13,15.97043293,0.05,-9.37,-0.72,13,22.36180739,0.05,-2.98,-0.23
14,26.5,0.47,1.14,0.08,14,13.53895588,0.12,-11.80,-0.84,14,9.04609386,0.88,-16.30,-1.16,14,10.73031768,-0.05,-14.61,-1.04,14,11.14918497,0.11,-14.19,-1.01,14,19.60058262,0.41,-5.74,-0.41,14,17.44295767,-0.19,-7.90,-0.56,14,43.26322495,0.37,17.92,1.28,,,,,,,,,,,14,56.53723989,1.71,31.19,2.23,14,53.42197233,0.26,28.08,2.01,14,28.5746514,0.58,3.23,0.23,14,24.49222564,0.05,-0.85,-0.06,14,24.75364046,-0.40,-0.59,-0.04,14,27.29295055,0.51,1.95,0.14,,,,,,14,36.02414717,0.00,10.68,0.76,,,,,,,,,,,,,,,,,,,,,,,,,,,,,,,,,,,,,,,,,,,,,,14,7.132069105,-0.19,-18.21,-1.30,14,13.16906666,-0.19,-12.17,-0.87,14,17.2,0.08,-8.14,-0.58,,,,,,14,21.2422981,0.08,-4.10,-0.29,14,21.06111569,-0.10,-4.28,-0.31,14,25.14078667,-0.15,-0.20,-0.01,14,20.71560917,0.48,-4.63,-0.33,,,,,,14,14.77869151,-0.03,-10.57,-0.75,,,,,,14,16.09848064,0.13,-9.25,-0.66,14,22.57844932,0.22,-2.77,-0.20
15,26.6,0.13,1.27,0.08,15,13.85317172,0.31,-11.49,-0.77,15,9.416787,0.37,-15.93,-1.06,15,10.8038964,0.07,-14.54,-0.97,15,11.81502638,0.67,-13.53,-0.90,15,19.19730289,-0.40,-6.15,-0.41,15,17.07766571,-0.37,-8.27,-0.55,15,44.00726367,0.74,18.66,1.24,,,,,,,,,,,15,57.85182434,1.31,32.51,2.17,15,53.68364819,0.26,28.34,1.89,15,29.2172728,0.64,3.87,0.26,15,24.64462512,0.15,-0.70,-0.05,15,24.60881195,-0.14,-0.73,-0.05,15,27.61369571,0.32,2.27,0.15,,,,,,,,,,,,,,,,,,,,,,,,,,,,,,,,,,,,,,,,,,,,,,,,,,,,,,,,15,7.25521834,0.12,-18.09,-1.21,15,12.86215908,-0.31,-12.48,-0.83,15,17.35126268,0.15,-7.99,-0.53,,,,,,15,21.23346523,-0.01,-4.11,-0.27,15,21.18096502,0.12,-4.16,-0.28,15,24.70473145,-0.44,-0.64,-0.04,15,21.22779631,0.51,-4.12,-0.27,,,,,,15,15.1385919,0.36,-10.21,-0.68,,,,,,15,16.29303837,0.19,-9.05,-0.60,15,23.1730631,0.59,-2.17,-0.14
16,26.2,-0.44,0.83,0.05,16,14.39374026,0.54,-10.95,-0.68,16,9.281077267,-0.14,-16.06,-1.00,16,11.32212479,0.52,-14.02,-0.88,16,12.41532424,0.60,-12.93,-0.81,16,19.12741577,-0.07,-6.22,-0.39,16,17.80300502,0.73,-7.54,-0.47,16,45.13038853,1.12,19.79,1.24,,,,,,,,,,,16,58.40893474,0.56,33.07,2.07,16,53.63108843,-0.05,28.29,1.77,16,29.50377958,0.29,4.16,0.26,16,24.54565405,-0.10,-0.80,-0.05,16,24.89320007,0.28,-0.45,-0.03,16,28.29460865,0.68,2.95,0.18,,,,,,,,,,,,,,,,,,,,,,,,,,,,,,,,,,,,,,,,,,,,,,,,,,,,,,,,16,7.370009078,0.11,-17.97,-1.12,16,12.76225399,-0.10,-12.58,-0.79,16,17.22321935,-0.13,-8.12,-0.51,,,,,,16,20.66329855,-0.57,-4.68,-0.29,16,21.36164176,0.18,-3.98,-0.25,16,24.54236839,-0.16,-0.80,-0.05,16,21.67187931,0.44,-3.67,-0.23,,,,,,16,15.15367446,0.02,-10.19,-0.64,,,,,,16,16.96550277,0.67,-8.38,-0.52,16,23.65028293,0.48,-1.69,-0.11
17,25.6,-0.56,0.28,0.02,17,14.59686085,0.20,-10.75,-0.63,17,9.186936122,-0.09,-16.16,-0.95,17,11.5655017,0.24,-13.78,-0.81,17,12.8232123,0.41,-12.52,-0.74,17,19.31489291,0.19,-6.03,-0.35,17,18.43935793,0.64,-6.90,-0.41,17,47.03092135,1.90,21.69,1.28,,,,,,,,,,,17,58.66834936,0.26,33.32,1.96,17,53.6969559,0.07,28.35,1.67,,,,,,17,24.36348535,-0.18,-0.98,-0.06,17,25.80517451,0.91,0.46,0.03,17,29.09293404,0.80,3.75,0.22,,,,,,,,,,,,,,,,,,,,,,,,,,,,,,,,,,,,,,,,,,,,,,,,,,,,,,,,17,7.359900733,-0.01,-17.98,-1.06,17,13.01311387,0.25,-12.33,-0.73,17,17.00410197,-0.22,-8.34,-0.49,,,,,,17,19.9868776,-0.68,-5.36,-0.32,17,21.2715828,-0.09,-4.07,-0.24,17,24.69979798,0.16,-0.64,-0.04,17,21.76311268,0.09,-3.58,-0.21,,,,,,17,14.8565089,-0.30,-10.49,-0.62,,,,,,17,17.28481321,0.32,-8.06,-0.47,17,23.97386431,0.32,-1.37,-0.08
18,25.5,-0.07,0.20,0.01,18,14.02984697,-0.57,-11.31,-0.63,18,9.309227238,0.12,-16.03,-0.89,18,11.64473923,0.08,-13.70,-0.76,18,13.06129263,0.24,-12.28,-0.68,18,19.39339363,0.08,-5.95,-0.33,18,18.40286053,-0.04,-6.94,-0.39,18,48.31850279,1.29,22.97,1.28,,,,,,,,,,,18,58.69008152,0.02,33.35,1.85,18,55.24862115,1.55,29.90,1.66,,,,,,18,24.39109809,0.03,-0.95,-0.05,18,26.79717418,0.99,1.45,0.08,18,29.46739025,0.37,4.12,0.23,,,,,,,,,,,,,,,,,,,,,,,,,,,,,,,,,,,,,,,,,,,,,,,,,,,,,,,,18,7.050334884,-0.31,-18.29,-1.02,18,13.33752615,0.32,-12.01,-0.67,18,17.00295477,0.00,-8.34,-0.46,,,,,,,,,,,18,20.96414678,-0.31,-4.38,-0.24,18,24.59102259,-0.11,-0.75,-0.04,18,21.77439081,0.01,-3.57,-0.20,,,,,,18,14.65586462,-0.20,-10.69,-0.59,,,,,,18,17.31637379,0.03,-8.03,-0.45,18,24.10419295,0.13,-1.24,-0.07
19,26.2,0.62,0.83,0.04,19,13.31639296,-0.71,-12.03,-0.63,19,9.356970008,0.05,-15.99,-0.84,19,11.75917074,0.11,-13.58,-0.71,19,12.99244101,-0.07,-12.35,-0.65,19,19.41929079,0.03,-5.92,-0.31,19,18.13497479,-0.27,-7.21,-0.38,19,49.29234728,0.97,23.95,1.26,,,,,,,,,,,19,58.82004912,0.13,33.48,1.76,19,56.55664034,1.31,31.21,1.64,,,,,,19,25.00811527,0.62,-0.34,-0.02,19,27.16956138,0.37,1.83,0.10,19,29.5464819,0.08,4.20,0.22,,,,,,,,,,,,,,,,,,,,,,,,,,,,,,,,,,,,,,,,,,,,,,,,,,,,,,,,19,7.216376529,0.17,-18.13,-0.95,19,13.35464414,0.02,-11.99,-0.63,19,17.33045444,0.33,-8.01,-0.42,,,,,,,,,,,19,20.71461718,-0.25,-4.63,-0.24,19,24.7415426,0.15,-0.60,-0.03,19,21.78528061,0.01,-3.56,-0.19,,,,,,19,14.75311219,0.10,-10.59,-0.56,,,,,,19,17.32013014,0.00,-8.02,-0.42,19,24.48390715,0.38,-0.86,-0.05
20,26.8,0.63,1.45,0.07,20,13.41467781,0.10,-11.93,-0.60,20,9.191513348,-0.17,-16.15,-0.81,20,11.35759759,-0.40,-13.99,-0.70,20,12.74612824,-0.25,-12.60,-0.63,20,19.62921718,0.21,-5.71,-0.29,20,18.42001134,0.29,-6.92,-0.35,20,49.95425573,0.66,24.61,1.23,,,,,,,,,,,20,58.95854113,0.14,33.61,1.68,20,56.78459541,0.23,31.44,1.57,,,,,,20,25.38156619,0.37,0.04,0.00,20,27.11037283,-0.06,1.77,0.09,,,,,,,,,,,,,,,,,,,,,,,,,,,,,,,,,,,,,,,,,,,,,,,,,,,,,,,,,,,,,20,7.651600305,0.44,-17.69,-0.88,20,13.2044113,-0.15,-12.14,-0.61,20,17.7308789,0.40,-7.61,-0.38,,,,,,,,,,,20,20.85600941,0.14,-4.49,-0.22,20,25.42197721,0.68,0.08,0.00,20,21.9005586,0.12,-3.44,-0.17,,,,,,20,15.16209087,0.41,-10.18,-0.51,,,,,,20,17.55530258,0.24,-7.79,-0.39,20,24.73368853,0.25,-0.61,-0.03
21,27.2,0.41,1.86,0.09,21,13.63708444,0.22,-11.71,-0.56,21,8.96793899,-0.22,-16.38,-0.78,21,11.27100179,-0.09,-14.07,-0.67,21,12.3897706,-0.36,-12.95,-0.62,21,20.11788536,0.49,-5.23,-0.25,21,18.82336103,0.40,-6.52,-0.31,21,50.7730804,0.82,25.43,1.21,,,,,,,,,,,21,59.41916565,0.46,34.08,1.62,,,,,,,,,,,21,25.31899571,-0.06,-0.02,0.00,21,27.56622663,0.46,2.22,0.11,,,,,,,,,,,,,,,,,,,,,,,,,,,,,,,,,,,,,,,,,,,,,,,,,,,,,,,,,,,,,21,7.462453626,-0.19,-17.88,-0.85,21,13.21387517,0.01,-12.13,-0.58,21,18.16833956,0.44,-7.18,-0.34,,,,,,,,,,,21,21.30925863,0.45,-4.03,-0.19,21,25.94395638,0.52,0.60,0.03,21,22.34427245,0.44,-3.00,-0.14,,,,,,21,15.41161569,0.25,-9.93,-0.47,,,,,,21,17.73290314,0.18,-7.61,-0.36,21,24.89675673,0.16,-0.45,-0.02
22,27.5,0.31,2.16,0.10,22,13.58755658,-0.05,-11.76,-0.53,22,8.876900461,-0.09,-16.47,-0.75,22,12.07142803,0.80,-13.27,-0.60,22,12.33828248,-0.05,-13.01,-0.59,22,20.39632285,0.28,-4.95,-0.22,22,19.10599893,0.28,-6.24,-0.28,22,51.58794333,0.81,26.24,1.19,,,,,,,,,,,22,59.78978116,0.37,34.45,1.57,,,,,,,,,,,22,25.16673662,-0.15,-0.18,-0.01,22,28.13626189,0.57,2.79,0.13,,,,,,,,,,,,,,,,,,,,,,,,,,,,,,,,,,,,,,,,,,,,,,,,,,,,,,,,,,,,,22,7.413213874,-0.05,-17.93,-0.82,22,13.28662047,0.07,-12.06,-0.55,22,18.19516403,0.03,-7.15,-0.32,,,,,,,,,,,22,21.89704203,0.59,-3.45,-0.16,22,25.94627069,0.00,0.60,0.03,22,22.74234548,0.40,-2.60,-0.12,,,,,,22,15.46568154,0.05,-9.88,-0.45,,,,,,22,17.68173517,-0.05,-7.66,-0.35,22,25.18684035,0.29,-0.16,-0.01
23,27.7,0.21,2.38,0.10,23,13.8469549,0.26,-11.50,-0.50,23,9.006390595,0.13,-16.34,-0.71,23,12.97823809,0.91,-12.37,-0.54,23,12.51801512,0.18,-12.83,-0.56,23,20.52874738,0.13,-4.82,-0.21,23,18.95343765,-0.15,-6.39,-0.28,23,52.39939092,0.81,27.06,1.18,,,,,,,,,,,23,59.95257544,0.16,34.61,1.50,,,,,,,,,,,23,25.26932358,0.10,-0.07,0.00,23,28.67187002,0.54,3.33,0.14,,,,,,,,,,,,,,,,,,,,,,,,,,,,,,,,,,,,,,,,,,,,,,,,,,,,,,,,,,,,,23,7.937054954,0.52,-17.41,-0.76,23,13.18475237,-0.10,-12.16,-0.53,23,18.08139055,-0.11,-7.26,-0.32,,,,,,,,,,,23,21.82015349,-0.08,-3.52,-0.15,23,26.10826017,0.16,0.76,0.03,23,23.60406847,0.86,-1.74,-0.08,,,,,,23,15.59280931,0.13,-9.75,-0.42,,,,,,23,17.75927598,0.08,-7.58,-0.33,23,25.7449201,0.56,0.40,0.02
24,28.5,0.76,3.13,0.13,24,14.59127718,0.74,-10.75,-0.45,24,9.091104141,0.08,-16.25,-0.68,24,13.61829334,0.64,-11.73,-0.49,24,12.45194175,-0.07,-12.89,-0.54,24,20.3642841,-0.16,-4.98,-0.21,24,19.04619188,0.09,-6.30,-0.26,24,53.22122989,0.82,27.88,1.16,,,,,,,,,,,24,60.28185903,0.33,34.94,1.46,,,,,,,,,,,24,25.49021479,0.22,0.15,0.01,24,29.08604783,0.41,3.74,0.16,,,,,,,,,,,,,,,,,,,,,,,,,,,,,,,,,,,,,,,,,,,,,,,,,,,,,,,,,,,,,24,8.06397136,0.13,-17.28,-0.72,24,13.00700469,-0.18,-12.34,-0.51,24,18.20154093,0.12,-7.14,-0.30,,,,,,,,,,,24,21.43432487,-0.39,-3.91,-0.16,24,26.50125684,0.39,1.16,0.05,24,24.66352612,1.06,-0.68,-0.03,,,,,,24,15.98338222,0.39,-9.36,-0.39,,,,,,24,17.97987684,0.22,-7.36,-0.31,24,26.36589834,0.62,1.02,0.04
25,30.7,2.25,5.38,0.22,25,14.77610753,0.18,-10.57,-0.42,25,8.879092552,-0.21,-16.46,-0.66,25,13.79610965,0.18,-11.55,-0.46,25,12.27357277,-0.18,-13.07,-0.52,25,19.89605617,-0.47,-5.45,-0.22,25,19.88768505,0.84,-5.46,-0.22,25,54.06191922,0.84,28.72,1.15,,,,,,,,,,,25,60.51069272,0.23,35.17,1.41,,,,,,,,,,,25,25.63341547,0.14,0.29,0.01,25,29.28597927,0.20,3.94,0.16,,,,,,,,,,,,,,,,,,,,,,,,,,,,,,,,,,,,,,,,,,,,,,,,,,,,,,,,,,,,,25,7.639756272,-0.42,-17.70,-0.71,25,12.99091125,-0.02,-12.35,-0.49,25,18.56925308,0.37,-6.77,-0.27,,,,,,,,,,,25,21.31278248,-0.12,-4.03,-0.16,25,26.97221465,0.47,1.63,0.07,25,25.93000703,1.27,0.59,0.02,,,,,,25,16.22330229,0.24,-9.12,-0.36,,,,,,25,18.33031431,0.35,-7.01,-0.28,25,26.51038598,0.14,1.17,0.05
26,33.7,2.99,8.37,0.32,26,14.45452817,-0.32,-10.89,-0.42,26,8.790714079,-0.09,-16.55,-0.64,26,13.66681054,-0.13,-11.68,-0.45,26,12.70624645,0.43,-12.64,-0.49,26,19.48697993,-0.41,-5.86,-0.23,26,20.80968948,0.92,-4.53,-0.17,26,54.64670595,0.58,29.30,1.13,,,,,,,,,,,26,60.50658491,0.00,35.16,1.35,,,,,,,,,,,26,25.84537467,0.21,0.50,0.02,,,,,,,,,,,,,,,,,,,,,,,,,,,,,,,,,,,,,,,,,,,,,,,,,,,,,,,,,,,,,,,,,,26,7.402069439,-0.24,-17.94,-0.69,26,12.76112734,-0.23,-12.58,-0.48,26,18.68326907,0.11,-6.66,-0.26,,,,,,,,,,,26,21.33571479,0.02,-4.01,-0.15,26,27.23288671,0.26,1.89,0.07,26,27.2245115,1.29,1.88,0.07,,,,,,26,16.3966976,0.17,-8.95,-0.34,,,,,,26,18.46186021,0.13,-6.88,-0.26,26,26.73989673,0.23,1.40,0.05
27,35.9,2.18,10.55,0.39,27,14.20518608,-0.25,-11.14,-0.41,27,8.978788847,0.19,-16.37,-0.61,27,13.59747571,-0.07,-11.75,-0.44,27,13.10993929,0.40,-12.23,-0.45,27,19.38728101,-0.10,-5.96,-0.22,27,21.12703059,0.32,-4.22,-0.16,27,55.17962385,0.53,29.84,1.11,,,,,,,,,,,27,60.36149426,-0.15,35.02,1.30,,,,,,,,,,,,,,,,,,,,,,,,,,,,,,,,,,,,,,,,,,,,,,,,,,,,,,,,,,,,,,,,,,,,,,,,,,,,,,,,,27,7.203135806,-0.20,-18.14,-0.67,27,12.62317634,-0.14,-12.72,-0.47,27,18.67813593,-0.01,-6.67,-0.25,,,,,,,,,,,27,21.46364011,0.13,-3.88,-0.14,27,27.45524633,0.22,2.11,0.08,27,28.1670736,0.94,2.82,0.10,,,,,,27,16.39432951,0.00,-8.95,-0.33,,,,,,27,18.43039131,-0.03,-6.91,-0.26,27,26.86514221,0.13,1.52,0.06
28,37.8,1.88,12.43,0.44,28,14.64090781,0.44,-10.70,-0.38,28,9.067777512,0.09,-16.28,-0.58,28,13.74254158,0.15,-11.60,-0.41,28,12.90155998,-0.21,-12.44,-0.44,28,19.33456867,-0.05,-6.01,-0.21,28,21.03106753,-0.10,-4.31,-0.15,,,,,,,,,,,,,,,,28,60.05361989,-0.31,34.71,1.24,,,,,,,,,,,,,,,,,,,,,,,,,,,,,,,,,,,,,,,,,,,,,,,,,,,,,,,,,,,,,,,,,,,,,,,,,,,,,,,,,28,7.290761947,0.09,-18.05,-0.64,28,12.79794552,0.17,-12.55,-0.45,28,18.89268377,0.21,-6.45,-0.23,,,,,,,,,,,28,21.54304782,0.08,-3.80,-0.14,28,27.54960034,0.09,2.21,0.08,28,28.51815527,0.35,3.17,0.11,,,,,,28,16.14354363,-0.25,-9.20,-0.33,,,,,,28,18.47748769,0.05,-6.87,-0.25,28,27.4521915,0.59,2.11,0.08
29,38.6,0.82,13.25,0.46,29,15.08294978,0.44,-10.26,-0.35,29,8.805805527,-0.26,-16.54,-0.57,29,13.92217785,0.18,-11.42,-0.39,29,12.4074388,-0.49,-12.94,-0.45,29,19.54801686,0.21,-5.80,-0.20,29,21.3055207,0.27,-4.04,-0.14,,,,,,,,,,,,,,,,29,60.03991586,-0.01,34.70,1.20,,,,,,,,,,,,,,,,,,,,,,,,,,,,,,,,,,,,,,,,,,,,,,,,,,,,,,,,,,,,,,,,,,,,,,,,,,,,,,,,,29,7.649697072,0.36,-17.69,-0.61,29,12.86551692,0.07,-12.48,-0.43,29,18.9937894,0.10,-6.35,-0.22,,,,,,,,,,,29,21.27255506,-0.27,-4.07,-0.14,29,28.24430337,0.69,2.90,0.10,29,28.53081149,0.01,3.19,0.11,,,,,,29,15.96239057,-0.18,-9.38,-0.32,,,,,,29,18.6839132,0.21,-6.66,-0.23,29,28.05254276,0.60,2.71,0.09
,,,,,30,14.90198136,-0.18,-10.44,-0.35,30,8.863509808,0.06,-16.48,-0.55,30,14.00010723,0.08,-11.34,-0.38,30,12.78279011,0.38,-12.56,-0.42,30,20.09992017,0.55,-5.24,-0.17,30,21.62662459,0.32,-3.72,-0.12,,,,,,,,,,,,,,,,30,60.48617713,0.45,35.14,1.17,,,,,,,,,,,,,,,,,,,,,,,,,,,,,,,,,,,,,,,,,,,,,,,,,,,,,,,,,,,,,,,,,,,,,,,,,,,,,,,,,30,7.722820528,0.07,-17.62,-0.59,30,13.203819,0.34,-12.14,-0.40,30,18.85045123,-0.14,-6.49,-0.22,,,,,,,,,,,30,21.25982479,-0.01,-4.08,-0.14,30,28.98419321,0.74,3.64,0.12,30,29.21558718,0.68,3.87,0.13,,,,,,30,16.23879723,0.28,-9.11,-0.30,,,,,,30,18.91681632,0.23,-6.43,-0.21,30,28.47350772,0.42,3.13,0.10
,,,,,31,14.10440585,-0.80,-11.24,-0.36,31,8.957958695,0.09,-16.39,-0.53,31,14.05134274,0.05,-11.29,-0.36,31,13.62630287,0.84,-11.72,-0.38,31,20.64353481,0.54,-4.70,-0.15,31,21.49605751,-0.13,-3.85,-0.12,,,,,,,,,,,,,,,,31,60.78186875,0.30,35.44,1.14,,,,,,,,,,,,,,,,,,,,,,,,,,,,,,,,,,,,,,,,,,,,,,,,,,,,,,,,,,,,,,,,,,,,,,,,,,,,,,,,,31,7.541318394,-0.18,-17.80,-0.57,31,13.94606613,0.74,-11.40,-0.37,31,18.9703153,0.12,-6.37,-0.21,,,,,,,,,,,31,21.43126853,0.17,-3.91,-0.13,,,,,,31,30.66329854,1.45,5.32,0.17,,,,,,31,16.66901257,0.43,-8.67,-0.28,,,,,,31,19.32580283,0.41,-6.02,-0.19,,,,,
,,,,,32,13.66372868,-0.44,-11.68,-0.37,32,8.926211391,-0.03,-16.42,-0.51,32,14.29945025,0.25,-11.04,-0.35,32,13.97848777,0.35,-11.37,-0.36,32,20.37992135,-0.26,-4.96,-0.16,32,21.40016903,-0.10,-3.94,-0.12,,,,,,,,,,,,,,,,32,60.85298682,0.07,35.51,1.11,,,,,,,,,,,,,,,,,,,,,,,,,,,,,,,,,,,,,,,,,,,,,,,,,,,,,,,,,,,,,,,,,,,,,,,,,,,,,,,,,32,7.592619102,0.05,-17.75,-0.55,32,14.41963465,0.47,-10.92,-0.34,32,19.38465421,0.41,-5.96,-0.19,,,,,,,,,,,32,21.62468382,0.19,-3.72,-0.12,,,,,,32,32.14493344,1.48,6.80,0.21,,,,,,32,17.10710649,0.44,-8.24,-0.26,,,,,,32,19.5370687,0.21,-5.81,-0.18,,,,,
,,,,,33,14.09552023,0.43,-11.25,-0.34,33,8.847298133,-0.08,-16.50,-0.50,33,14.86725836,0.57,-10.48,-0.32,33,13.90660606,-0.07,-11.44,-0.35,33,19.41422469,-0.97,-5.93,-0.18,33,21.65376153,0.25,-3.69,-0.11,,,,,,,,,,,,,,,,,,,,,,,,,,,,,,,,,,,,,,,,,,,,,,,,,,,,,,,,,,,,,,,,,,,,,,,,,,,,,,,,,,,,,,,,,,,,,,,,,,,,,33,7.760785225,0.17,-17.58,-0.53,33,14.29267536,-0.13,-11.05,-0.33,33,19.76484714,0.38,-5.58,-0.17,,,,,,,,,,,33,22.04678303,0.42,-3.30,-0.10,,,,,,33,33.53145907,1.39,8.19,0.25,,,,,,33,17.28810766,0.18,-8.06,-0.24,,,,,,33,19.66028892,0.12,-5.68,-0.17,,,,,
,,,,,34,14.93647781,0.84,-10.41,-0.31,34,8.997730509,0.15,-16.35,-0.48,34,15.75517677,0.89,-9.59,-0.28,34,13.99191656,0.09,-11.35,-0.33,34,19.03744317,-0.38,-6.31,-0.19,34,22.15727617,0.50,-3.19,-0.09,,,,,,,,,,,,,,,,,,,,,,,,,,,,,,,,,,,,,,,,,,,,,,,,,,,,,,,,,,,,,,,,,,,,,,,,,,,,,,,,,,,,,,,,,,,,,,,,,,,,,34,7.787525616,0.03,-17.56,-0.52,34,14.35149839,0.06,-10.99,-0.32,34,20.20909374,0.44,-5.13,-0.15,,,,,,,,,,,34,22.62879375,0.58,-2.72,-0.08,,,,,,34,34.13837286,0.61,8.79,0.26,,,,,,34,17.90444965,0.62,-7.44,-0.22,,,,,,34,19.90851625,0.25,-5.44,-0.16,,,,,
,,,,,35,15.04733959,0.11,-10.30,-0.29,35,9.47289867,0.48,-15.87,-0.45,35,16.17884702,0.42,-9.16,-0.26,35,13.66083033,-0.33,-11.68,-0.33,35,19.51482413,0.48,-5.83,-0.17,35,23.04020394,0.88,-2.30,-0.07,,,,,,,,,,,,,,,,,,,,,,,,,,,,,,,,,,,,,,,,,,,,,,,,,,,,,,,,,,,,,,,,,,,,,,,,,,,,,,,,,,,,,,,,,,,,,,,,,,,,,35,7.768861744,-0.02,-17.57,-0.50,35,14.53913087,0.19,-10.80,-0.31,35,20.45279601,0.24,-4.89,-0.14,,,,,,,,,,,35,22.9,0.27,-2.44,-0.07,,,,,,,,,,,,,,,,35,18.7915575,0.89,-6.55,-0.19,,,,,,35,20.23494156,0.33,-5.11,-0.15,,,,,
,,,,,36,15.21566187,0.17,-10.13,-0.28,36,10.32695045,0.85,-15.02,-0.42,36,16.43089877,0.25,-8.91,-0.25,36,12.91698129,-0.74,-12.43,-0.35,36,20.13052759,0.62,-5.21,-0.14,36,24.1550256,1.11,-1.19,-0.03,,,,,,,,,,,,,,,,,,,,,,,,,,,,,,,,,,,,,,,,,,,,,,,,,,,,,,,,,,,,,,,,,,,,,,,,,,,,,,,,,,,,,,,,,,,,,,,,,,,,,36,7.754977134,-0.01,-17.59,-0.49,36,14.81125409,0.27,-10.53,-0.29,36,20.48231207,0.03,-4.86,-0.14,,,,,,,,,,,36,23.10651463,0.21,-2.24,-0.06,,,,,,,,,,,,,,,,36,19.18748521,0.40,-6.16,-0.17,,,,,,36,20.69475896,0.46,-4.65,-0.13,,,,,
,,,,,37,15.38126383,0.17,-9.96,-0.27,37,10.41527582,0.09,-14.93,-0.40,37,16.77735345,0.35,-8.57,-0.23,37,12.64050899,-0.28,-12.70,-0.34,37,20.71461912,0.58,-4.63,-0.13,37,25.03619995,0.88,-0.31,-0.01,,,,,,,,,,,,,,,,,,,,,,,,,,,,,,,,,,,,,,,,,,,,,,,,,,,,,,,,,,,,,,,,,,,,,,,,,,,,,,,,,,,,,,,,,,,,,,,,,,,,,37,7.676626362,-0.08,-17.67,-0.48,37,15.10716373,0.30,-10.24,-0.28,37,20.06747074,-0.41,-5.28,-0.14,,,,,,,,,,,37,23.09982314,-0.01,-2.24,-0.06,,,,,,,,,,,,,,,,37,19.6980557,0.51,-5.65,-0.15,,,,,,37,21.22235729,0.53,-4.12,-0.11,,,,,
,,,,,38,15.47579637,0.09,-9.87,-0.26,38,10.15145331,-0.26,-15.19,-0.40,38,17.32584487,0.55,-8.02,-0.21,38,13.02634441,0.39,-12.32,-0.32,38,21.16958702,0.45,-4.17,-0.11,38,26.7920377,1.76,1.45,0.04,,,,,,,,,,,,,,,,,,,,,,,,,,,,,,,,,,,,,,,,,,,,,,,,,,,,,,,,,,,,,,,,,,,,,,,,,,,,,,,,,,,,,,,,,,,,,,,,,,,,,38,7.656974645,-0.02,-17.69,-0.47,38,15.59252761,0.49,-9.75,-0.26,38,19.58256391,-0.48,-5.76,-0.15,,,,,,,,,,,38,23.14840738,0.05,-2.20,-0.06,,,,,,,,,,,,,,,,38,21.12260067,1.42,-4.22,-0.11,,,,,,38,21.92411164,0.70,-3.42,-0.09,,,,,
,,,,,39,15.87892231,0.40,-9.46,-0.24,39,10.14452852,-0.01,-15.20,-0.39,39,17.58709479,0.26,-7.76,-0.20,39,13.35569728,0.33,-11.99,-0.31,39,21.62998373,0.46,-3.71,-0.10,39,28.72276183,1.93,3.38,0.09,,,,,,,,,,,,,,,,,,,,,,,,,,,,,,,,,,,,,,,,,,,,,,,,,,,,,,,,,,,,,,,,,,,,,,,,,,,,,,,,,,,,,,,,,,,,,,,,,,,,,39,7.927876166,0.27,-17.42,-0.45,39,15.78007158,0.19,-9.56,-0.25,39,19.55903415,-0.02,-5.78,-0.15,,,,,,,,,,,39,23.4642923,0.32,-1.88,-0.05,,,,,,,,,,,,,,,,39,22.3018098,1.18,-3.04,-0.08,,,,,,39,22.18008374,0.26,-3.16,-0.08,,,,,
,,,,,40,16.3994781,0.52,-8.94,-0.22,40,10.12248896,-0.02,-15.22,-0.38,40,17.44320851,-0.14,-7.90,-0.20,40,13.84119514,0.49,-11.50,-0.29,40,21.86853639,0.24,-3.48,-0.09,40,28.91295426,0.19,3.57,0.09,,,,,,,,,,,,,,,,,,,,,,,,,,,,,,,,,,,,,,,,,,,,,,,,,,,,,,,,,,,,,,,,,,,,,,,,,,,,,,,,,,,,,,,,,,,,,,,,,,,,,40,8.243596801,0.32,-17.10,-0.43,40,15.85213068,0.07,-9.49,-0.24,40,20.20626139,0.65,-5.14,-0.13,,,,,,,,,,,40,24.11812588,0.65,-1.23,-0.03,,,,,,,,,,,,,,,,40,22.66848554,0.37,-2.68,-0.07,,,,,,,,,,,,,,,
,,,,,41,17.51246307,1.11,-7.83,-0.19,41,9.753582901,-0.37,-15.59,-0.38,41,17.76816373,0.32,-7.58,-0.18,41,14.45902568,0.62,-10.88,-0.27,41,21.64181385,-0.23,-3.70,-0.09,41,29.01082166,0.10,3.67,0.09,,,,,,,,,,,,,,,,,,,,,,,,,,,,,,,,,,,,,,,,,,,,,,,,,,,,,,,,,,,,,,,,,,,,,,,,,,,,,,,,,,,,,,,,,,,,,,,,,,,,,41,8.292204758,0.05,-17.05,-0.42,41,15.75707806,-0.10,-9.59,-0.23,41,20.36699227,0.16,-4.98,-0.12,,,,,,,,,,,41,24.94038424,0.82,-0.40,-0.01,,,,,,,,,,,,,,,,41,23.20837269,0.54,-2.14,-0.05,,,,,,,,,,,,,,,
,,,,,42,18.49565527,0.98,-6.85,-0.16,42,9.202943625,-0.55,-16.14,-0.38,42,18.2530795,0.48,-7.09,-0.17,42,14.65380704,0.19,-10.69,-0.25,42,21.61732636,-0.02,-3.73,-0.09,42,29.17500207,0.16,3.83,0.09,,,,,,,,,,,,,,,,,,,,,,,,,,,,,,,,,,,,,,,,,,,,,,,,,,,,,,,,,,,,,,,,,,,,,,,,,,,,,,,,,,,,,,,,,,,,,,,,,,,,,42,8.423212536,0.13,-16.92,-0.40,42,16.2936731,0.54,-9.05,-0.22,42,20.34286267,-0.02,-5.00,-0.12,,,,,,,,,,,42,26.04067276,1.10,0.70,0.02,,,,,,,,,,,,,,,,42,24.12030674,0.91,-1.22,-0.03,,,,,,,,,,,,,,,
,,,,,,,,,,43,9.260621548,0.06,-16.08,-0.37,43,17.83506573,-0.42,-7.51,-0.17,43,14.35953319,-0.29,-10.98,-0.26,43,22.51730936,0.90,-2.83,-0.07,43,29.93175488,0.76,4.59,0.11,,,,,,,,,,,,,,,,,,,,,,,,,,,,,,,,,,,,,,,,,,,,,,,,,,,,,,,,,,,,,,,,,,,,,,,,,,,,,,,,,,,,,,,,,,,,,,,,,,,,,43,8.592261043,0.17,-16.75,-0.39,43,16.98933013,0.70,-8.35,-0.19,43,20.32677231,-0.02,-5.02,-0.12,,,,,,,,,,,43,27.14458367,1.10,1.80,0.04,,,,,,,,,,,,,,,,43,24.65171708,0.53,-0.69,-0.02,,,,,,,,,,,,,,,
,,,,,,,,,,44,9.893521594,0.63,-15.45,-0.35,44,17.33558017,-0.50,-8.01,-0.18,44,13.83950965,-0.52,-11.50,-0.26,44,23.66021186,1.14,-1.68,-0.04,44,31.21918543,1.29,5.88,0.13,,,,,,,,,,,,,,,,,,,,,,,,,,,,,,,,,,,,,,,,,,,,,,,,,,,,,,,,,,,,,,,,,,,,,,,,,,,,,,,,,,,,,,,,,,,,,,,,,,,,,44,8.676947865,0.08,-16.67,-0.38,44,17.59752958,0.61,-7.75,-0.18,44,20.84081589,0.51,-4.50,-0.10,,,,,,,,,,,44,27.75581838,0.61,2.41,0.05,,,,,,,,,,,,,,,,44,25.09509743,0.44,-0.25,-0.01,,,,,,,,,,,,,,,
,,,,,,,,,,45,10.43246199,0.54,-14.91,-0.33,45,17.58166191,0.25,-7.76,-0.17,45,13.66076998,-0.18,-11.68,-0.26,45,23.94358899,0.28,-1.40,-0.03,45,32.42743279,1.21,7.08,0.16,,,,,,,,,,,,,,,,,,,,,,,,,,,,,,,,,,,,,,,,,,,,,,,,,,,,,,,,,,,,,,,,,,,,,,,,,,,,,,,,,,,,,,,,,,,,,,,,,,,,,45,8.566024329,-0.11,-16.78,-0.37,45,18.18195652,0.58,-7.16,-0.16,45,21.17382454,0.33,-4.17,-0.09,,,,,,,,,,,45,27.90670835,0.15,2.56,0.06,,,,,,,,,,,,,,,,45,26.09554288,1.00,0.75,0.02,,,,,,,,,,,,,,,
,,,,,,,,,,46,10.48848192,0.06,-14.86,-0.32,46,17.89890834,0.32,-7.44,-0.16,46,13.83893194,0.18,-11.50,-0.25,46,24.22286576,0.28,-1.12,-0.02,46,33.08798152,0.66,7.74,0.17,,,,,,,,,,,,,,,,,,,,,,,,,,,,,,,,,,,,,,,,,,,,,,,,,,,,,,,,,,,,,,,,,,,,,,,,,,,,,,,,,,,,,,,,,,,,,,,,,,,,,46,8.69491316,0.13,-16.65,-0.36,46,18.78928694,0.61,-6.55,-0.14,46,21.2785706,0.10,-4.07,-0.09,,,,,,,,,,,46,28.39052364,0.48,3.05,0.07,,,,,,,,,,,,,,,,46,27.47865256,1.38,2.13,0.05,,,,,,,,,,,,,,,
,,,,,,,,,,47,10.82682576,0.34,-14.52,-0.31,47,18.29936989,0.40,-7.04,-0.15,47,14.22939565,0.39,-11.11,-0.24,47,24.6495335,0.43,-0.69,-0.01,47,33.05377239,-0.03,7.71,0.16,,,,,,,,,,,,,,,,,,,,,,,,,,,,,,,,,,,,,,,,,,,,,,,,,,,,,,,,,,,,,,,,,,,,,,,,,,,,,,,,,,,,,,,,,,,,,,,,,,,,,47,8.825712702,0.13,-16.52,-0.35,47,19.42034761,0.63,-5.92,-0.13,47,21.24088732,-0.04,-4.10,-0.09,,,,,,,,,,,47,29.30091994,0.91,3.96,0.08,,,,,,,,,,,,,,,,47,28.03497415,0.56,2.69,0.06,,,,,,,,,,,,,,,
,,,,,,,,,,48,11.08815131,0.26,-14.26,-0.30,48,19.06760343,0.77,-6.28,-0.13,48,14.46827873,0.24,-10.88,-0.23,48,25.00548221,0.36,-0.34,-0.01,48,32.07330867,-0.98,6.73,0.14,,,,,,,,,,,,,,,,,,,,,,,,,,,,,,,,,,,,,,,,,,,,,,,,,,,,,,,,,,,,,,,,,,,,,,,,,,,,,,,,,,,,,,,,,,,,,,,,,,,,,48,8.589030915,-0.24,-16.75,-0.35,48,19.75888182,0.34,-5.58,-0.12,48,21.48536565,0.24,-3.86,-0.08,,,,,,,,,,,48,30.7439479,1.44,5.40,0.11,,,,,,,,,,,,,,,,48,27.98587141,-0.05,2.64,0.06,,,,,,,,,,,,,,,
,,,,,,,,,,49,11.2396826,0.15,-14.10,-0.29,49,21.06314715,2.00,-4.28,-0.09,49,14.62401034,0.16,-10.72,-0.22,49,25.58778994,0.58,0.24,0.00,49,32.41797436,0.34,7.07,0.14,,,,,,,,,,,,,,,,,,,,,,,,,,,,,,,,,,,,,,,,,,,,,,,,,,,,,,,,,,,,,,,,,,,,,,,,,,,,,,,,,,,,,,,,,,,,,,,,,,,,,49,8.292194469,-0.30,-17.05,-0.35,49,19.97701293,0.22,-5.37,-0.11,49,22.03683927,0.55,-3.31,-0.07,,,,,,,,,,,49,31.36543867,0.62,6.02,0.12,,,,,,,,,,,,,,,,49,27.78042031,-0.21,2.44,0.05,,,,,,,,,,,,,,,
,,,,,,,,,,50,11.21177667,-0.03,-14.13,-0.28,50,22.25595292,1.19,-3.09,-0.06,50,14.70556837,0.08,-10.64,-0.21,50,26.47686509,0.89,1.13,0.02,50,33.21192562,0.79,7.87,0.16,,,,,,,,,,,,,,,,,,,,,,,,,,,,,,,,,,,,,,,,,,,,,,,,,,,,,,,,,,,,,,,,,,,,,,,,,,,,,,,,,,,,,,,,,,,,,,,,,,,,,50,8.243333563,-0.05,-17.10,-0.34,50,20.55870559,0.58,-4.79,-0.10,50,22.71962764,0.68,-2.62,-0.05,,,,,,,,,,,50,31.60706023,0.24,6.26,0.13,,,,,,,,,,,,,,,,50,28.07690091,0.30,2.73,0.05,,,,,,,,,,,,,,,
,,,,,,,,,,51,11.41629614,0.20,-13.93,-0.27,51,22.68523778,0.43,-2.66,-0.05,51,14.80194207,0.10,-10.54,-0.21,51,27.47633123,1.00,2.13,0.04,51,34.35677455,1.14,9.01,0.18,,,,,,,,,,,,,,,,,,,,,,,,,,,,,,,,,,,,,,,,,,,,,,,,,,,,,,,,,,,,,,,,,,,,,,,,,,,,,,,,,,,,,,,,,,,,,,,,,,,,,51,8.207206172,-0.04,-17.14,-0.34,51,21.63494381,1.08,-3.71,-0.07,51,23.23773223,0.52,-2.11,-0.04,,,,,,,,,,,,,,,,,,,,,,,,,,,,,,,51,28.85708413,0.78,3.51,0.07,,,,,,,,,,,,,,,
,,,,,,,,,,52,11.84625618,0.43,-13.50,-0.26,52,22.85583978,0.17,-2.49,-0.05,52,15.09235198,0.29,-10.25,-0.20,52,28.10712624,0.63,2.76,0.05,52,35.65440889,1.30,10.31,0.20,,,,,,,,,,,,,,,,,,,,,,,,,,,,,,,,,,,,,,,,,,,,,,,,,,,,,,,,,,,,,,,,,,,,,,,,,,,,,,,,,,,,,,,,,,,,,,,,,,,,,52,8.315466711,0.11,-17.03,-0.33,52,22.27110944,0.64,-3.07,-0.06,52,23.21078634,-0.03,-2.13,-0.04,,,,,,,,,,,,,,,,,,,,,,,,,,,,,,,,,,,,,,,,,,,,,,,,,,
,,,,,,,,,,53,12.40135349,0.56,-12.94,-0.24,53,23.02534109,0.17,-2.32,-0.04,53,15.25373119,0.16,-10.09,-0.19,53,28.44772874,0.34,3.10,0.06,53,37.27179156,1.62,11.93,0.23,,,,,,,,,,,,,,,,,,,,,,,,,,,,,,,,,,,,,,,,,,,,,,,,,,,,,,,,,,,,,,,,,,,,,,,,,,,,,,,,,,,,,,,,,,,,,,,,,,,,,53,8.491928522,0.18,-16.85,-0.32,53,21.98986535,-0.28,-3.35,-0.06,53,23.01937683,-0.19,-2.32,-0.04,,,,,,,,,,,,,,,,,,,,,,,,,,,,,,,,,,,,,,,,,,,,,,,,,,
,,,,,,,,,,54,12.79728707,0.40,-12.55,-0.23,54,23.9508953,0.93,-1.39,-0.03,54,15.24740948,-0.01,-10.10,-0.19,54,29.02586864,0.58,3.68,0.07,54,38.67105795,1.40,13.33,0.25,,,,,,,,,,,,,,,,,,,,,,,,,,,,,,,,,,,,,,,,,,,,,,,,,,,,,,,,,,,,,,,,,,,,,,,,,,,,,,,,,,,,,,,,,,,,,,,,,,,,,54,8.531060224,0.04,-16.81,-0.31,54,21.51560928,-0.47,-3.83,-0.07,54,23.15451282,0.14,-2.19,-0.04,,,,,,,,,,,,,,,,,,,,,,,,,,,,,,,,,,,,,,,,,,,,,,,,,,
,,,,,,,,,,55,13.07795442,0.28,-12.27,-0.22,55,24.39180937,0.44,-0.95,-0.02,55,14.65088361,-0.60,-10.69,-0.19,55,30.1195311,1.09,4.78,0.09,55,39.75986516,1.09,14.42,0.26,,,,,,,,,,,,,,,,,,,,,,,,,,,,,,,,,,,,,,,,,,,,,,,,,,,,,,,,,,,,,,,,,,,,,,,,,,,,,,,,,,,,,,,,,,,,,,,,,,,,,55,8.328394268,-0.20,-17.02,-0.31,55,21.47708994,-0.04,-3.87,-0.07,55,23.9097918,0.76,-1.43,-0.03,,,,,,,,,,,,,,,,,,,,,,,,,,,,,,,,,,,,,,,,,,,,,,,,,,
,,,,,,,,,,56,13.37087295,0.29,-11.97,-0.21,56,24.72047704,0.33,-0.62,-0.01,56,14.00395448,-0.65,-11.34,-0.20,56,31.11028014,0.99,5.77,0.10,56,40.03636268,0.28,14.69,0.26,,,,,,,,,,,,,,,,,,,,,,,,,,,,,,,,,,,,,,,,,,,,,,,,,,,,,,,,,,,,,,,,,,,,,,,,,,,,,,,,,,,,,,,,,,,,,,,,,,,,,56,8.154443052,-0.17,-17.19,-0.31,56,21.80808725,0.33,-3.54,-0.06,56,24.29424918,0.38,-1.05,-0.02,,,,,,,,,,,,,,,,,,,,,,,,,,,,,,,,,,,,,,,,,,,,,,,,,,
,,,,,,,,,,57,13.63696027,0.27,-11.71,-0.21,57,24.82826704,0.11,-0.52,-0.01,57,14.13605242,0.13,-11.21,-0.20,57,31.51385012,0.40,6.17,0.11,,,,,,,,,,,,,,,,,,,,,,,,,,,,,,,,,,,,,,,,,,,,,,,,,,,,,,,,,,,,,,,,,,,,,,,,,,,,,,,,,,,,,,,,,,,,,,,,,,,,,,,,,,57,8.1714316,0.02,-17.17,-0.30,57,22.37655162,0.57,-2.97,-0.05,57,24.04328265,-0.25,-1.30,-0.02,,,,,,,,,,,,,,,,,,,,,,,,,,,,,,,,,,,,,,,,,,,,,,,,,,
,,,,,,,,,,58,13.7622874,0.13,-11.58,-0.20,58,24.73878588,-0.09,-0.61,-0.01,58,14.00883642,-0.13,-11.33,-0.20,58,31.63224136,0.12,6.29,0.11,,,,,,,,,,,,,,,,,,,,,,,,,,,,,,,,,,,,,,,,,,,,,,,,,,,,,,,,,,,,,,,,,,,,,,,,,,,,,,,,,,,,,,,,,,,,,,,,,,,,,,,,,,58,8.338097816,0.17,-17.01,-0.29,58,22.62270084,0.25,-2.72,-0.05,58,23.65404216,-0.39,-1.69,-0.03,,,,,,,,,,,,,,,,,,,,,,,,,,,,,,,,,,,,,,,,,,,,,,,,,,
,,,,,,,,,,59,13.79733711,0.04,-11.55,-0.20,59,24.53341011,-0.21,-0.81,-0.01,59,14.32845924,0.32,-11.02,-0.19,59,31.62000947,-0.01,6.28,0.11,,,,,,,,,,,,,,,,,,,,,,,,,,,,,,,,,,,,,,,,,,,,,,,,,,,,,,,,,,,,,,,,,,,,,,,,,,,,,,,,,,,,,,,,,,,,,,,,,,,,,,,,,,59,8.369735382,0.03,-16.97,-0.29,59,22.57731911,-0.05,-2.77,-0.05,59,23.65360921,0.00,-1.69,-0.03,,,,,,,,,,,,,,,,,,,,,,,,,,,,,,,,,,,,,,,,,,,,,,,,,,
,,,,,,,,,,60,13.84977391,0.05,-11.49,-0.19,60,24.27351132,-0.26,-1.07,-0.02,60,14.78938761,0.46,-10.55,-0.18,60,33.33573073,1.72,7.99,0.13,,,,,,,,,,,,,,,,,,,,,,,,,,,,,,,,,,,,,,,,,,,,,,,,,,,,,,,,,,,,,,,,,,,,,,,,,,,,,,,,,,,,,,,,,,,,,,,,,,,,,,,,,,60,8.361486175,-0.01,-16.98,-0.28,60,22.57690041,0.00,-2.77,-0.05,60,23.79734381,0.14,-1.55,-0.03,,,,,,,,,,,,,,,,,,,,,,,,,,,,,,,,,,,,,,,,,,,,,,,,,,
,,,,,,,,,,,,,,,61,24.02943672,-0.24,-1.31,-0.02,61,15.57764104,0.79,-9.77,-0.16,61,35.99151516,2.66,10.65,0.17,,,,,,,,,,,,,,,,,,,,,,,,,,,,,,,,,,,,,,,,,,,,,,,,,,,,,,,,,,,,,,,,,,,,,,,,,,,,,,,,,,,,,,,,,,,,,,,,,,,,,,,,,,61,8.299977261,-0.06,-17.04,-0.28,61,22.84640105,0.27,-2.50,-0.04,61,24.44461323,0.65,-0.90,-0.01,,,,,,,,,,,,,,,,,,,,,,,,,,,,,,,,,,,,,,,,,,,,,,,,,,
,,,,,,,,,,,,,,,62,23.81768407,-0.21,-1.53,-0.02,62,16.10694964,0.53,-9.24,-0.15,62,37.47255703,1.48,12.13,0.20,,,,,,,,,,,,,,,,,,,,,,,,,,,,,,,,,,,,,,,,,,,,,,,,,,,,,,,,,,,,,,,,,,,,,,,,,,,,,,,,,,,,,,,,,,,,,,,,,,,,,,,,,,62,8.07690253,-0.22,-17.27,-0.28,62,23.14575935,0.30,-2.20,-0.04,62,25.21250595,0.77,-0.13,0.00,,,,,,,,,,,,,,,,,,,,,,,,,,,,,,,,,,,,,,,,,,,,,,,,,,
,,,,,,,,,,,,,,,63,23.57564558,-0.24,-1.77,-0.03,63,16.39685458,0.29,-8.95,-0.14,63,38.37005338,0.90,13.03,0.21,,,,,,,,,,,,,,,,,,,,,,,,,,,,,,,,,,,,,,,,,,,,,,,,,,,,,,,,,,,,,,,,,,,,,,,,,,,,,,,,,,,,,,,,,,,,,,,,,,,,,,,,,,63,7.954256707,-0.12,-17.39,-0.28,63,23.2940869,0.15,-2.05,-0.03,63,25.70941856,0.50,0.37,0.01,,,,,,,,,,,,,,,,,,,,,,,,,,,,,,,,,,,,,,,,,,,,,,,,,,
,,,,,,,,,,,,,,,64,23.29290922,-0.28,-2.05,-0.03,64,16.68585614,0.29,-8.66,-0.14,64,38.70686448,0.34,13.36,0.21,,,,,,,,,,,,,,,,,,,,,,,,,,,,,,,,,,,,,,,,,,,,,,,,,,,,,,,,,,,,,,,,,,,,,,,,,,,,,,,,,,,,,,,,,,,,,,,,,,,,,,,,,,64,8.100020842,0.15,-17.24,-0.27,64,23.42303724,0.13,-1.92,-0.03,64,25.9454317,0.24,0.60,0.01,,,,,,,,,,,,,,,,,,,,,,,,,,,,,,,,,,,,,,,,,,,,,,,,,,
,,,,,,,,,,,,,,,65,23.94033979,0.65,-1.40,-0.02,65,16.90046653,0.21,-8.44,-0.13,65,39.01099065,0.30,13.67,0.21,,,,,,,,,,,,,,,,,,,,,,,,,,,,,,,,,,,,,,,,,,,,,,,,,,,,,,,,,,,,,,,,,,,,,,,,,,,,,,,,,,,,,,,,,,,,,,,,,,,,,,,,,,65,8.353543361,0.25,-16.99,-0.26,,,,,,,,,,,,,,,,,,,,,,,,,,,,,,,,,,,,,,,,,,,,,,,,,,,,,,,,,,,,
,,,,,,,,,,,,,,,66,25.21747819,1.28,-0.13,0.00,66,16.92007238,0.02,-8.42,-0.13,66,38.7143017,-0.30,13.37,0.20,,,,,,,,,,,,,,,,,,,,,,,,,,,,,,,,,,,,,,,,,,,,,,,,,,,,,,,,,,,,,,,,,,,,,,,,,,,,,,,,,,,,,,,,,,,,,,,,,,,,,,,,,,66,8.538674569,0.19,-16.81,-0.25,,,,,,,,,,,,,,,,,,,,,,,,,,,,,,,,,,,,,,,,,,,,,,,,,,,,,,,,,,,,
,,,,,,,,,,,,,,,67,27.73151998,2.51,2.39,0.04,67,16.83515976,-0.08,-8.51,-0.13,67,38.86254673,0.15,13.52,0.20,,,,,,,,,,,,,,,,,,,,,,,,,,,,,,,,,,,,,,,,,,,,,,,,,,,,,,,,,,,,,,,,,,,,,,,,,,,,,,,,,,,,,,,,,,,,,,,,,,,,,,,,,,67,8.700012719,0.16,-16.64,-0.25,,,,,,,,,,,,,,,,,,,,,,,,,,,,,,,,,,,,,,,,,,,,,,,,,,,,,,,,,,,,
,,,,,,,,,,,,,,,68,32.39220766,4.66,7.05,0.10,68,16.87837968,0.04,-8.47,-0.12,68,39.60907065,0.75,14.27,0.21,,,,,,,,,,,,,,,,,,,,,,,,,,,,,,,,,,,,,,,,,,,,,,,,,,,,,,,,,,,,,,,,,,,,,,,,,,,,,,,,,,,,,,,,,,,,,,,,,,,,,,,,,,68,8.761421035,0.06,-16.58,-0.24,,,,,,,,,,,,,,,,,,,,,,,,,,,,,,,,,,,,,,,,,,,,,,,,,,,,,,,,,,,,
,,,,,,,,,,,,,,,69,33.86709081,1.47,8.52,0.12,69,17.18564603,0.31,-8.16,-0.12,69,40.97253277,1.36,15.63,0.23,,,,,,,,,,,,,,,,,,,,,,,,,,,,,,,,,,,,,,,,,,,,,,,,,,,,,,,,,,,,,,,,,,,,,,,,,,,,,,,,,,,,,,,,,,,,,,,,,,,,,,,,,,69,8.571725787,-0.19,-16.77,-0.24,,,,,,,,,,,,,,,,,,,,,,,,,,,,,,,,,,,,,,,,,,,,,,,,,,,,,,,,,,,,
,,,,,,,,,,,,,,,70,34.59260306,0.73,9.25,0.13,70,17.55330849,0.37,-7.79,-0.11,70,42.02619894,1.05,16.68,0.24,,,,,,,,,,,,,,,,,,,,,,,,,,,,,,,,,,,,,,,,,,,,,,,,,,,,,,,,,,,,,,,,,,,,,,,,,,,,,,,,,,,,,,,,,,,,,,,,,,,,,,,,,,70,8.563684534,-0.01,-16.78,-0.24,,,,,,,,,,,,,,,,,,,,,,,,,,,,,,,,,,,,,,,,,,,,,,,,,,,,,,,,,,,,
,,,,,,,,,,,,,,,,,,,,71,18.05812143,0.50,-7.29,-0.10,71,42.87234398,0.85,17.53,0.25,,,,,,,,,,,,,,,,,,,,,,,,,,,,,,,,,,,,,,,,,,,,,,,,,,,,,,,,,,,,,,,,,,,,,,,,,,,,,,,,,,,,,,,,,,,,,,,,,,,,,,,,,,71,8.753647547,0.19,-16.59,-0.23,,,,,,,,,,,,,,,,,,,,,,,,,,,,,,,,,,,,,,,,,,,,,,,,,,,,,,,,,,,,
,,,,,,,,,,,,,,,,,,,,72,18.40097341,0.34,-6.94,-0.10,72,43.18939955,0.32,17.85,0.25,,,,,,,,,,,,,,,,,,,,,,,,,,,,,,,,,,,,,,,,,,,,,,,,,,,,,,,,,,,,,,,,,,,,,,,,,,,,,,,,,,,,,,,,,,,,,,,,,,,,,,,,,,72,8.693133868,-0.06,-16.65,-0.23,,,,,,,,,,,,,,,,,,,,,,,,,,,,,,,,,,,,,,,,,,,,,,,,,,,,,,,,,,,,
,,,,,,,,,,,,,,,,,,,,73,18.8924254,0.49,-6.45,-0.09,,,,,,,,,,,,,,,,,,,,,,,,,,,,,,,,,,,,,,,,,,,,,,,,,,,,,,,,,,,,,,,,,,,,,,,,,,,,,,,,,,,,,,,,,,,,,,,,,,,,,,,,,,,,,,,73,8.278946187,-0.41,-17.06,-0.23,,,,,,,,,,,,,,,,,,,,,,,,,,,,,,,,,,,,,,,,,,,,,,,,,,,,,,,,,,,,
,,,,,,,,,,,,,,,,,,,,74,19.16954242,0.28,-6.17,-0.08,,,,,,,,,,,,,,,,,,,,,,,,,,,,,,,,,,,,,,,,,,,,,,,,,,,,,,,,,,,,,,,,,,,,,,,,,,,,,,,,,,,,,,,,,,,,,,,,,,,,,,,,,,,,,,,74,8.632456849,0.35,-16.71,-0.23,,,,,,,,,,,,,,,,,,,,,,,,,,,,,,,,,,,,,,,,,,,,,,,,,,,,,,,,,,,,
,,,,,,,,,,,,,,,,,,,,75,19.94701606,0.78,-5.40,-0.07,,,,,,,,,,,,,,,,,,,,,,,,,,,,,,,,,,,,,,,,,,,,,,,,,,,,,,,,,,,,,,,,,,,,,,,,,,,,,,,,,,,,,,,,,,,,,,,,,,,,,,,,,,,,,,,75,9.517411659,0.88,-15.83,-0.21,,,,,,,,,,,,,,,,,,,,,,,,,,,,,,,,,,,,,,,,,,,,,,,,,,,,,,,,,,,,
,,,,,,,,,,,,,,,,,,,,76,21.1077263,1.16,-4.24,-0.06,,,,,,,,,,,,,,,,,,,,,,,,,,,,,,,,,,,,,,,,,,,,,,,,,,,,,,,,,,,,,,,,,,,,,,,,,,,,,,,,,,,,,,,,,,,,,,,,,,,,,,,,,,,,,,,76,9.602119768,0.08,-15.74,-0.21,,,,,,,,,,,,,,,,,,,,,,,,,,,,,,,,,,,,,,,,,,,,,,,,,,,,,,,,,,,,
,,,,,,,,,,,,,,,,,,,,77,21.55601787,0.45,-3.79,-0.05,,,,,,,,,,,,,,,,,,,,,,,,,,,,,,,,,,,,,,,,,,,,,,,,,,,,,,,,,,,,,,,,,,,,,,,,,,,,,,,,,,,,,,,,,,,,,,,,,,,,,,,,,,,,,,,77,8.854740664,-0.75,-16.49,-0.21,,,,,,,,,,,,,,,,,,,,,,,,,,,,,,,,,,,,,,,,,,,,,,,,,,,,,,,,,,,,
,,,,,,,,,,,,,,,,,,,,78,21.38407876,-0.17,-3.96,-0.05,,,,,,,,,,,,,,,,,,,,,,,,,,,,,,,,,,,,,,,,,,,,,,,,,,,,,,,,,,,,,,,,,,,,,,,,,,,,,,,,,,,,,,,,,,,,,,,,,,,,,,,,,,,,,,,78,8.716719088,-0.14,-16.63,-0.21,,,,,,,,,,,,,,,,,,,,,,,,,,,,,,,,,,,,,,,,,,,,,,,,,,,,,,,,,,,,
,,,,,,,,,,,,,,,,,,,,79,20.97107398,-0.41,-4.37,-0.06,,,,,,,,,,,,,,,,,,,,,,,,,,,,,,,,,,,,,,,,,,,,,,,,,,,,,,,,,,,,,,,,,,,,,,,,,,,,,,,,,,,,,,,,,,,,,,,,,,,,,,,,,,,,,,,79,8.9591004,0.24,-16.38,-0.21,,,,,,,,,,,,,,,,,,,,,,,,,,,,,,,,,,,,,,,,,,,,,,,,,,,,,,,,,,,,
,,,,,,,,,,,,,,,,,,,,80,20.77016126,-0.20,-4.57,-0.06,,,,,,,,,,,,,,,,,,,,,,,,,,,,,,,,,,,,,,,,,,,,,,,,,,,,,,,,,,,,,,,,,,,,,,,,,,,,,,,,,,,,,,,,,,,,,,,,,,,,,,,,,,,,,,,80,8.732529379,-0.23,-16.61,-0.21,,,,,,,,,,,,,,,,,,,,,,,,,,,,,,,,,,,,,,,,,,,,,,,,,,,,,,,,,,,,
,,,,,,,,,,,,,,,,,,,,81,20.73376084,-0.04,-4.61,-0.06,,,,,,,,,,,,,,,,,,,,,,,,,,,,,,,,,,,,,,,,,,,,,,,,,,,,,,,,,,,,,,,,,,,,,,,,,,,,,,,,,,,,,,,,,,,,,,,,,,,,,,,,,,,,,,,81,8.439198767,-0.29,-16.90,-0.21,,,,,,,,,,,,,,,,,,,,,,,,,,,,,,,,,,,,,,,,,,,,,,,,,,,,,,,,,,,,
,,,,,,,,,,,,,,,,,,,,82,20.65022268,-0.08,-4.69,-0.06,,,,,,,,,,,,,,,,,,,,,,,,,,,,,,,,,,,,,,,,,,,,,,,,,,,,,,,,,,,,,,,,,,,,,,,,,,,,,,,,,,,,,,,,,,,,,,,,,,,,,,,,,,,,,,,82,8.553057086,0.11,-16.79,-0.20,,,,,,,,,,,,,,,,,,,,,,,,,,,,,,,,,,,,,,,,,,,,,,,,,,,,,,,,,,,,
,,,,,,,,,,,,,,,,,,,,83,20.69179816,0.04,-4.65,-0.06,,,,,,,,,,,,,,,,,,,,,,,,,,,,,,,,,,,,,,,,,,,,,,,,,,,,,,,,,,,,,,,,,,,,,,,,,,,,,,,,,,,,,,,,,,,,,,,,,,,,,,,,,,,,,,,83,8.986460408,0.43,-16.36,-0.20,,,,,,,,,,,,,,,,,,,,,,,,,,,,,,,,,,,,,,,,,,,,,,,,,,,,,,,,,,,,
,,,,,,,,,,,,,,,,,,,,84,20.92317543,0.23,-4.42,-0.05,,,,,,,,,,,,,,,,,,,,,,,,,,,,,,,,,,,,,,,,,,,,,,,,,,,,,,,,,,,,,,,,,,,,,,,,,,,,,,,,,,,,,,,,,,,,,,,,,,,,,,,,,,,,,,,84,9.10824549,0.12,-16.24,-0.19,,,,,,,,,,,,,,,,,,,,,,,,,,,,,,,,,,,,,,,,,,,,,,,,,,,,,,,,,,,,
,,,,,,,,,,,,,,,,,,,,85,21.17936196,0.26,-4.16,-0.05,,,,,,,,,,,,,,,,,,,,,,,,,,,,,,,,,,,,,,,,,,,,,,,,,,,,,,,,,,,,,,,,,,,,,,,,,,,,,,,,,,,,,,,,,,,,,,,,,,,,,,,,,,,,,,,85,8.974326707,-0.13,-16.37,-0.19,,,,,,,,,,,,,,,,,,,,,,,,,,,,,,,,,,,,,,,,,,,,,,,,,,,,,,,,,,,,
,,,,,,,,,,,,,,,,,,,,86,21.68685616,0.51,-3.66,-0.04,,,,,,,,,,,,,,,,,,,,,,,,,,,,,,,,,,,,,,,,,,,,,,,,,,,,,,,,,,,,,,,,,,,,,,,,,,,,,,,,,,,,,,,,,,,,,,,,,,,,,,,,,,,,,,,86,8.888066533,-0.09,-16.46,-0.19,,,,,,,,,,,,,,,,,,,,,,,,,,,,,,,,,,,,,,,,,,,,,,,,,,,,,,,,,,,,
,,,,,,,,,,,,,,,,,,,,,,,,,,,,,,,,,,,,,,,,,,,,,,,,,,,,,,,,,,,,,,,,,,,,,,,,,,,,,,,,,,,,,,,,,,,,,,,,,,,,,,,,,,,,,,,,,,,,,,,,,,,,,,,,,,,,,,,87,9.161432429,0.27,-16.18,-0.19,,,,,,,,,,,,,,,,,,,,,,,,,,,,,,,,,,,,,,,,,,,,,,,,,,,,,,,,,,,,
,,,,,,,,,,,,,,,,,,,,,,,,,,,,,,,,,,,,,,,,,,,,,,,,,,,,,,,,,,,,,,,,,,,,,,,,,,,,,,,,,,,,,,,,,,,,,,,,,,,,,,,,,,,,,,,,,,,,,,,,,,,,,,,,,,,,,,,88,9.430888302,0.27,-15.91,-0.18,,,,,,,,,,,,,,,,,,,,,,,,,,,,,,,,,,,,,,,,,,,,,,,,,,,,,,,,,,,,
,,,,,,,,,,,,,,,,,,,,,,,,,,,,,,,,,,,,,,,,,,,,,,,,,,,,,,,,,,,,,,,,,,,,,,,,,,,,,,,,,,,,,,,,,,,,,,,,,,,,,,,,,,,,,,,,,,,,,,,,,,,,,,,,,,,,,,,89,9.744789481,0.31,-15.60,-0.18,,,,,,,,,,,,,,,,,,,,,,,,,,,,,,,,,,,,,,,,,,,,,,,,,,,,,,,,,,,,
,,,,,,,,,,,,,,,,,,,,,,,,,,,,,,,,,,,,,,,,,,,,,,,,,,,,,,,,,,,,,,,,,,,,,,,,,,,,,,,,,,,,,,,,,,,,,,,,,,,,,,,,,,,,,,,,,,,,,,,,,,,,,,,,,,,,,,,90,9.760305893,0.02,-15.58,-0.17,,,,,,,,,,,,,,,,,,,,,,,,,,,,,,,,,,,,,,,,,,,,,,,,,,,,,,,,,,,,
,,,,,,,,,,,,,,,,,,,,,,,,,,,,,,,,,,,,,,,,,,,,,,,,,,,,,,,,,,,,,,,,,,,,,,,,,,,,,,,,,,,,,,,,,,,,,,,,,,,,,,,,,,,,,,,,,,,,,,,,,,,,,,,,,,,,,,,91,9.169580492,-0.59,-16.17,-0.18,,,,,,,,,,,,,,,,,,,,,,,,,,,,,,,,,,,,,,,,,,,,,,,,,,,,,,,,,,,,
,,,,,,,,,,,,,,,,,,,,,,,,,,,,,,,,,,,,,,,,,,,,,,,,,,,,,,,,,,,,,,,,,,,,,,,,,,,,,,,,,,,,,,,,,,,,,,,,,,,,,,,,,,,,,,,,,,,,,,,,,,,,,,,,,,,,,,,92,8.946051325,-0.22,-16.40,-0.18,,,,,,,,,,,,,,,,,,,,,,,,,,,,,,,,,,,,,,,,,,,,,,,,,,,,,,,,,,,,
,,,,,,,,,,,,,,,,,,,,,,,,,,,,,,,,,,,,,,,,,,,,,,,,,,,,,,,,,,,,,,,,,,,,,,,,,,,,,,,,,,,,,,,,,,,,,,,,,,,,,,,,,,,,,,,,,,,,,,,,,,,,,,,,,,,,,,,93,9.665536909,0.72,-15.68,-0.17,,,,,,,,,,,,,,,,,,,,,,,,,,,,,,,,,,,,,,,,,,,,,,,,,,,,,,,,,,,,
,,,,,,,,,,,,,,,,,,,,,,,,,,,,,,,,,,,,,,,,,,,,,,,,,,,,,,,,,,,,,,,,,,,,,,,,,,,,,,,,,,,,,,,,,,,,,,,,,,,,,,,,,,,,,,,,,,,,,,,,,,,,,,,,,,,,,,,94,10.31402648,0.65,-15.03,-0.16,,,,,,,,,,,,,,,,,,,,,,,,,,,,,,,,,,,,,,,,,,,,,,,,,,,,,,,,,,,,
,,,,,,,,,,,,,,,,,,,,,,,,,,,,,,,,,,,,,,,,,,,,,,,,,,,,,,,,,,,,,,,,,,,,,,,,,,,,,,,,,,,,,,,,,,,,,,,,,,,,,,,,,,,,,,,,,,,,,,,,,,,,,,,,,,,,,,,95,10.09666776,-0.22,-15.25,-0.16,,,,,,,,,,,,,,,,,,,,,,,,,,,,,,,,,,,,,,,,,,,,,,,,,,,,,,,,,,,,
,,,,,,,,,,,,,,,,,,,,,,,,,,,,,,,,,,,,,,,,,,,,,,,,,,,,,,,,,,,,,,,,,,,,,,,,,,,,,,,,,,,,,,,,,,,,,,,,,,,,,,,,,,,,,,,,,,,,,,,,,,,,,,,,,,,,,,,96,9.886257776,-0.21,-15.46,-0.16,,,,,,,,,,,,,,,,,,,,,,,,,,,,,,,,,,,,,,,,,,,,,,,,,,,,,,,,,,,,
,,,,,,,,,,,,,,,,,,,,,,,,,,,,,,,,,,,,,,,,,,,,,,,,,,,,,,,,,,,,,,,,,,,,,,,,,,,,,,,,,,,,,,,,,,,,,,,,,,,,,,,,,,,,,,,,,,,,,,,,,,,,,,,,,,,,,,,97,9.89561897,0.01,-15.45,-0.16,,,,,,,,,,,,,,,,,,,,,,,,,,,,,,,,,,,,,,,,,,,,,,,,,,,,,,,,,,,,
,,,,,,,,,,,,,,,,,,,,,,,,,,,,,,,,,,,,,,,,,,,,,,,,,,,,,,,,,,,,,,,,,,,,,,,,,,,,,,,,,,,,,,,,,,,,,,,,,,,,,,,,,,,,,,,,,,,,,,,,,,,,,,,,,,,,,,,98,9.8639317,-0.03,-15.48,-0.16,,,,,,,,,,,,,,,,,,,,,,,,,,,,,,,,,,,,,,,,,,,,,,,,,,,,,,,,,,,,
,,,,,,,,,,,,,,,,,,,,,,,,,,,,,,,,,,,,,,,,,,,,,,,,,,,,,,,,,,,,,,,,,,,,,,,,,,,,,,,,,,,,,,,,,,,,,,,,,,,,,,,,,,,,,,,,,,,,,,,,,,,,,,,,,,,,,,,99,9.95406049,0.09,-15.39,-0.16,,,,,,,,,,,,,,,,,,,,,,,,,,,,,,,,,,,,,,,,,,,,,,,,,,,,,,,,,,,,
,,,,,,,,,,,,,,,,,,,,,,,,,,,,,,,,,,,,,,,,,,,,,,,,,,,,,,,,,,,,,,,,,,,,,,,,,,,,,,,,,,,,,,,,,,,,,,,,,,,,,,,,,,,,,,,,,,,,,,,,,,,,,,,,,,,,,,,100,10.64269452,0.69,-14.70,-0.15,,,,,,,,,,,,,,,,,,,,,,,,,,,,,,,,,,,,,,,,,,,,,,,,,,,,,,,,,,,,
,,,,,,,,,,,,,,,,,,,,,,,,,,,,,,,,,,,,,,,,,,,,,,,,,,,,,,,,,,,,,,,,,,,,,,,,,,,,,,,,,,,,,,,,,,,,,,,,,,,,,,,,,,,,,,,,,,,,,,,,,,,,,,,,,,,,,,,101,11.22599872,0.58,-14.12,-0.14,,,,,,,,,,,,,,,,,,,,,,,,,,,,,,,,,,,,,,,,,,,,,,,,,,,,,,,,,,,,
,,,,,,,,,,,,,,,,,,,,,,,,,,,,,,,,,,,,,,,,,,,,,,,,,,,,,,,,,,,,,,,,,,,,,,,,,,,,,,,,,,,,,,,,,,,,,,,,,,,,,,,,,,,,,,,,,,,,,,,,,,,,,,,,,,,,,,,102,11.26712213,0.04,-14.08,-0.14,,,,,,,,,,,,,,,,,,,,,,,,,,,,,,,,,,,,,,,,,,,,,,,,,,,,,,,,,,,,
,,,,,,,,,,,,,,,,,,,,,,,,,,,,,,,,,,,,,,,,,,,,,,,,,,,,,,,,,,,,,,,,,,,,,,,,,,,,,,,,,,,,,,,,,,,,,,,,,,,,,,,,,,,,,,,,,,,,,,,,,,,,,,,,,,,,,,,103,11.15856047,-0.11,-14.19,-0.14,,,,,,,,,,,,,,,,,,,,,,,,,,,,,,,,,,,,,,,,,,,,,,,,,,,,,,,,,,,,
,,,,,,,,,,,,,,,,,,,,,,,,,,,,,,,,,,,,,,,,,,,,,,,,,,,,,,,,,,,,,,,,,,,,,,,,,,,,,,,,,,,,,,,,,,,,,,,,,,,,,,,,,,,,,,,,,,,,,,,,,,,,,,,,,,,,,,,104,11.14798678,-0.01,-14.20,-0.14,,,,,,,,,,,,,,,,,,,,,,,,,,,,,,,,,,,,,,,,,,,,,,,,,,,,,,,,,,,,
,,,,,,,,,,,,,,,,,,,,,,,,,,,,,,,,,,,,,,,,,,,,,,,,,,,,,,,,,,,,,,,,,,,,,,,,,,,,,,,,,,,,,,,,,,,,,,,,,,,,,,,,,,,,,,,,,,,,,,,,,,,,,,,,,,,,,,,105,11.51966667,0.37,-13.82,-0.13,,,,,,,,,,,,,,,,,,,,,,,,,,,,,,,,,,,,,,,,,,,,,,,,,,,,,,,,,,,,
,,,,,,,,,,,,,,,,,,,,,,,,,,,,,,,,,,,,,,,,,,,,,,,,,,,,,,,,,,,,,,,,,,,,,,,,,,,,,,,,,,,,,,,,,,,,,,,,,,,,,,,,,,,,,,,,,,,,,,,,,,,,,,,,,,,,,,,106,12.25870604,0.74,-13.09,-0.12,,,,,,,,,,,,,,,,,,,,,,,,,,,,,,,,,,,,,,,,,,,,,,,,,,,,,,,,,,,,
,,,,,,,,,,,,,,,,,,,,,,,,,,,,,,,,,,,,,,,,,,,,,,,,,,,,,,,,,,,,,,,,,,,,,,,,,,,,,,,,,,,,,,,,,,,,,,,,,,,,,,,,,,,,,,,,,,,,,,,,,,,,,,,,,,,,,,,107,12.72326303,0.46,-12.62,-0.12,,,,,,,,,,,,,,,,,,,,,,,,,,,,,,,,,,,,,,,,,,,,,,,,,,,,,,,,,,,,
,,,,,,,,,,,,,,,,,,,,,,,,,,,,,,,,,,,,,,,,,,,,,,,,,,,,,,,,,,,,,,,,,,,,,,,,,,,,,,,,,,,,,,,,,,,,,,,,,,,,,,,,,,,,,,,,,,,,,,,,,,,,,,,,,,,,,,,108,13.49067794,0.77,-11.85,-0.11,,,,,,,,,,,,,,,,,,,,,,,,,,,,,,,,,,,,,,,,,,,,,,,,,,,,,,,,,,,,
,,,,,,,,,,,,,,,,,,,,,,,,,,,,,,,,,,,,,,,,,,,,,,,,,,,,,,,,,,,,,,,,,,,,,,,,,,,,,,,,,,,,,,,,,,,,,,,,,,,,,,,,,,,,,,,,,,,,,,,,,,,,,,,,,,,,,,,109,14.82293595,1.33,-10.52,-0.10,,,,,,,,,,,,,,,,,,,,,,,,,,,,,,,,,,,,,,,,,,,,,,,,,,,,,,,,,,,,
,,,,,,,,,,,,,,,,,,,,,,,,,,,,,,,,,,,,,,,,,,,,,,,,,,,,,,,,,,,,,,,,,,,,,,,,,,,,,,,,,,,,,,,,,,,,,,,,,,,,,,,,,,,,,,,,,,,,,,,,,,,,,,,,,,,,,,,110,15.70159086,0.88,-9.64,-0.09,,,,,,,,,,,,,,,,,,,,,,,,,,,,,,,,,,,,,,,,,,,,,,,,,,,,,,,,,,,,
,,,,,,,,,,,,,,,,,,,,,,,,,,,,,,,,,,,,,,,,,,,,,,,,,,,,,,,,,,,,,,,,,,,,,,,,,,,,,,,,,,,,,,,,,,,,,,,,,,,,,,,,,,,,,,,,,,,,,,,,,,,,,,,,,,,,,,,111,16.26667564,0.57,-9.08,-0.08,,,,,,,,,,,,,,,,,,,,,,,,,,,,,,,,,,,,,,,,,,,,,,,,,,,,,,,,,,,,
,,,,,,,,,,,,,,,,,,,,,,,,,,,,,,,,,,,,,,,,,,,,,,,,,,,,,,,,,,,,,,,,,,,,,,,,,,,,,,,,,,,,,,,,,,,,,,,,,,,,,,,,,,,,,,,,,,,,,,,,,,,,,,,,,,,,,,,112,16.911441,0.64,-8.43,-0.08,,,,,,,,,,,,,,,,,,,,,,,,,,,,,,,,,,,,,,,,,,,,,,,,,,,,,,,,,,,,
,,,,,,,,,,,,,,,,,,,,,,,,,,,,,,,,,,,,,,,,,,,,,,,,,,,,,,,,,,,,,,,,,,,,,,,,,,,,,,,,,,,,,,,,,,,,,,,,,,,,,,,,,,,,,,,,,,,,,,,,,,,,,,,,,,,,,,,113,17.3505529,0.44,-7.99,-0.07,,,,,,,,,,,,,,,,,,,,,,,,,,,,,,,,,,,,,,,,,,,,,,,,,,,,,,,,,,,,
,,,,,,,,,,,,,,,,,,,,,,,,,,,,,,,,,,,,,,,,,,,,,,,,,,,,,,,,,,,,,,,,,,,,,,,,,,,,,,,,,,,,,,,,,,,,,,,,,,,,,,,,,,,,,,,,,,,,,,,,,,,,,,,,,,,,,,,114,18.05776971,0.71,-7.29,-0.06,,,,,,,,,,,,,,,,,,,,,,,,,,,,,,,,,,,,,,,,,,,,,,,,,,,,,,,,,,,,
,,,,,,,,,,,,,,,,,,,,,,,,,,,,,,,,,,,,,,,,,,,,,,,,,,,,,,,,,,,,,,,,,,,,,,,,,,,,,,,,,,,,,,,,,,,,,,,,,,,,,,,,,,,,,,,,,,,,,,,,,,,,,,,,,,,,,,,115,18.9773764,0.92,-6.37,-0.06,,,,,,,,,,,,,,,,,,,,,,,,,,,,,,,,,,,,,,,,,,,,,,,,,,,,,,,,,,,,
,,,,,,,,,,,,,,,,,,,,,,,,,,,,,,,,,,,,,,,,,,,,,,,,,,,,,,,,,,,,,,,,,,,,,,,,,,,,,,,,,,,,,,,,,,,,,,,,,,,,,,,,,,,,,,,,,,,,,,,,,,,,,,,,,,,,,,,116,19.34508333,0.37,-6.00,-0.05,,,,,,,,,,,,,,,,,,,,,,,,,,,,,,,,,,,,,,,,,,,,,,,,,,,,,,,,,,,,
,,,,,,,,,,,,,,,,,,,,,,,,,,,,,,,,,,,,,,,,,,,,,,,,,,,,,,,,,,,,,,,,,,,,,,,,,,,,,,,,,,,,,,,,,,,,,,,,,,,,,,,,,,,,,,,,,,,,,,,,,,,,,,,,,,,,,,,117,20.07372395,0.73,-5.27,-0.05,,,,,,,,,,,,,,,,,,,,,,,,,,,,,,,,,,,,,,,,,,,,,,,,,,,,,,,,,,,,
,,,,,,,,,,,,,,,,,,,,,,,,,,,,,,,,,,,,,,,,,,,,,,,,,,,,,,,,,,,,,,,,,,,,,,,,,,,,,,,,,,,,,,,,,,,,,,,,,,,,,,,,,,,,,,,,,,,,,,,,,,,,,,,,,,,,,,,118,21.5101059,1.44,-3.83,-0.03,,,,,,,,,,,,,,,,,,,,,,,,,,,,,,,,,,,,,,,,,,,,,,,,,,,,,,,,,,,,
,,,,,,,,,,,,,,,,,,,,,,,,,,,,,,,,,,,,,,,,,,,,,,,,,,,,,,,,,,,,,,,,,,,,,,,,,,,,,,,,,,,,,,,,,,,,,,,,,,,,,,,,,,,,,,,,,,,,,,,,,,,,,,,,,,,,,,,119,22.29315098,0.78,-3.05,-0.03,,,,,,,,,,,,,,,,,,,,,,,,,,,,,,,,,,,,,,,,,,,,,,,,,,,,,,,,,,,,
,,,,,,,,,,,,,,,,,,,,,,,,,,,,,,,,,,,,,,,,,,,,,,,,,,,,,,,,,,,,,,,,,,,,,,,,,,,,,,,,,,,,,,,,,,,,,,,,,,,,,,,,,,,,,,,,,,,,,,,,,,,,,,,,,,,,,,,120,22.81455264,0.52,-2.53,-0.02,,,,,,,,,,,,,,,,,,,,,,,,,,,,,,,,,,,,,,,,,,,,,,,,,,,,,,,,,,,,
,,,,,,,,,,,,,,,,,,,,,,,,,,,,,,,,,,,,,,,,,,,,,,,,,,,,,,,,,,,,,,,,,,,,,,,,,,,,,,,,,,,,,,,,,,,,,,,,,,,,,,,,,,,,,,,,,,,,,,,,,,,,,,,,,,,,,,,121,22.96060512,0.15,-2.38,-0.02,,,,,,,,,,,,,,,,,,,,,,,,,,,,,,,,,,,,,,,,,,,,,,,,,,,,,,,,,,,,
,,,,,,,,,,,,,,,,,,,,,,,,,,,,,,,,,,,,,,,,,,,,,,,,,,,,,,,,,,,,,,,,,,,,,,,,,,,,,,,,,,,,,,,,,,,,,,,,,,,,,,,,,,,,,,,,,,,,,,,,,,,,,,,,,,,,,,,122,22.99040135,0.03,-2.35,-0.02,,,,,,,,,,,,,,,,,,,,,,,,,,,,,,,,,,,,,,,,,,,,,,,,,,,,,,,,,,,,
